age,screen_time,social_media,gaming,short_video,phone_unlocks,notifications,night_usage,sleep,focus_time,exercise,stress,productivity,risk_level,wellbeing_score
22,7.3,3.1,1.8,5.7,123,20,3.2,7.9,0.0,47,7,7,Moderate,62.7
35,14.7,3.6,5.6,2.0,156,248,3.2,8.4,4.3,82,1,9,Moderate,68.9
44,6.4,3.0,0.7,3.4,175,105,2.8,4.7,0.9,113,9,6,Moderate,54.2
30,9.7,1.0,5.6,5.5,132,81,0.1,3.3,3.1,69,8,2,High,54.2
26,10.5,3.4,4.1,0.0,148,339,3.5,8.9,4.7,77,2,8,High,74.7
23,1.2,6.0,3.2,4.9,126,225,1.9,3.1,2.2,66,2,10,High,73.0
44,11.0,0.6,0.2,5.7,52,124,4.7,9.6,1.4,47,8,9,Moderate,63.3
36,3.7,0.6,2.9,0.5,29,337,4.1,7.4,6.2,64,1,8,Low,91.6
22,15.4,2.8,2.4,1.0,157,310,2.9,5.3,7.6,43,7,2,High,48.6
41,3.2,7.5,1.0,5.8,30,269,1.3,4.7,0.8,93,9,8,High,63.2
34,7.2,5.3,3.9,3.2,91,32,1.0,3.1,1.2,62,3,3,High,60.3
38,2.3,5.4,5.8,0.1,66,182,1.7,4.6,7.7,45,7,3,Moderate,69.2
26,16.0,2.9,3.4,1.5,187,62,2.4,4.0,0.3,18,6,9,High,41.8
26,8.5,4.7,4.3,2.7,83,130,1.5,7.3,7.8,117,7,9,Moderate,79.6
39,9.9,0.1,0.4,4.2,107,224,2.6,4.2,0.0,63,7,9,Moderate,60.0
36,2.0,5.1,2.5,4.4,163,275,0.8,6.7,7.0,82,10,4,Moderate,68.1
19,12.2,7.3,0.7,6.0,167,326,4.9,7.1,2.5,72,1,7,High,54.8
23,4.1,4.9,3.7,1.7,119,163,0.5,5.1,7.5,70,3,8,Low,85.2
39,14.5,7.0,5.6,3.2,124,165,4.7,3.2,2.5,109,10,5,High,31.6
18,4.1,5.8,4.0,3.2,168,320,4.6,3.3,5.2,100,1,1,High,58.5
37,3.9,1.0,0.5,2.4,51,183,2.6,3.2,0.6,49,5,9,Moderate,73.2
36,1.5,7.2,2.1,1.0,77,188,3.6,8.2,1.9,62,3,6,Moderate,73.5
17,8.1,0.5,3.3,5.9,198,317,2.2,5.2,6.2,40,1,3,Moderate,66.9
39,9.5,4.3,2.4,5.1,198,252,3.2,8.6,4.2,116,2,3,High,64.4
27,2.0,1.1,5.0,3.0,79,290,1.7,6.0,7.4,6,10,10,Moderate,75.0
21,12.6,0.1,4.9,3.6,87,79,1.5,6.2,3.4,8,5,1,Moderate,54.2
17,7.8,3.4,3.7,1.4,99,315,2.9,6.6,7.0,3,3,8,Moderate,73.6
43,8.9,2.4,2.2,3.3,120,254,2.5,8.0,3.6,88,6,2,Moderate,66.8
36,7.6,3.9,1.5,4.2,121,184,2.9,4.9,7.8,48,9,1,High,54.9
16,7.0,4.6,0.6,3.1,112,213,1.4,3.9,7.7,75,6,7,Moderate,73.0
27,9.4,0.3,2.1,5.9,154,253,1.8,6.9,2.6,5,2,9,Moderate,68.4
41,3.3,1.0,2.5,3.7,28,202,0.4,5.3,7.1,81,2,6,Low,90.6
37,3.7,4.5,4.1,2.2,188,251,0.3,6.1,6.8,103,8,8,Moderate,76.5
44,13.9,2.7,3.9,4.6,79,126,1.3,7.5,1.7,20,8,8,Moderate,57.5
27,15.2,5.8,0.4,1.0,72,242,0.4,6.5,5.0,14,6,9,Moderate,61.0
40,6.6,5.2,2.4,2.3,84,99,0.5,7.3,0.6,66,10,7,Moderate,62.9
32,5.1,6.8,1.1,2.1,167,253,4.1,6.8,6.7,65,7,9,Moderate,71.2
42,10.7,5.5,0.9,2.6,162,203,0.2,8.2,1.4,55,1,9,Moderate,69.7
42,7.1,3.4,5.0,4.7,113,204,3.3,7.9,0.6,118,9,1,High,53.0
25,1.4,5.4,0.3,2.9,84,153,1.4,6.7,3.2,104,5,6,Low,78.2
43,3.3,2.2,2.5,4.8,137,239,4.4,7.8,4.6,103,9,8,Moderate,74.4
43,11.7,2.5,1.0,3.5,163,307,2.4,9.1,6.8,67,2,10,Moderate,81.2
31,10.9,6.3,5.3,2.1,65,221,1.5,6.0,7.8,31,8,9,Moderate,65.6
30,1.4,3.6,3.3,4.9,31,165,2.6,5.9,3.5,65,7,4,Moderate,72.2
30,4.3,6.4,1.4,1.4,98,343,1.9,8.3,0.5,109,4,2,Moderate,67.8
34,4.5,6.6,3.0,1.3,28,146,2.8,7.1,6.0,28,3,9,Low,82.7
27,11.1,6.9,4.4,3.0,168,154,0.6,3.5,4.5,65,4,9,High,64.6
38,1.3,7.3,5.7,1.6,35,133,5.0,9.2,3.6,33,4,8,Moderate,74.2
35,2.6,3.4,1.3,0.1,179,283,2.1,3.2,2.5,26,10,3,High,47.0
40,13.0,2.6,5.3,3.9,178,83,1.7,8.2,4.0,59,10,5,Moderate,56.1
18,3.7,4.7,5.6,3.1,32,154,3.6,8.3,2.7,117,8,2,Moderate,66.2
20,10.8,3.0,5.5,2.7,56,60,1.8,9.7,6.1,38,4,3,Moderate,74.6
34,4.6,4.8,3.8,5.8,22,315,4.2,3.4,4.4,43,5,1,High,60.0
22,2.5,5.6,3.8,3.4,75,22,2.3,7.2,7.0,101,2,4,Moderate,82.2
36,4.6,5.5,2.4,5.2,153,213,3.6,6.0,4.3,81,4,5,High,70.6
24,11.8,3.0,4.5,0.8,82,129,0.5,5.3,1.9,35,7,2,Moderate,51.9
22,13.8,1.3,3.2,3.4,165,240,4.2,3.6,6.8,18,3,3,High,49.6
33,13.5,3.4,4.1,5.2,86,23,3.7,6.9,4.5,90,1,6,Moderate,67.2
19,7.0,1.1,2.6,3.5,172,263,1.1,6.4,1.7,44,8,6,Moderate,63.0
40,11.0,7.1,4.4,4.3,178,185,0.7,3.7,5.0,83,8,7,High,54.4
43,4.1,2.8,4.9,2.2,40,45,1.6,7.3,2.9,20,6,9,Low,80.3
29,5.4,1.2,0.9,0.6,94,36,4.9,8.2,6.8,22,7,4,Low,69.2
33,14.4,0.2,5.0,2.7,169,235,1.3,8.4,3.6,93,10,5,Moderate,55.5
41,1.2,5.2,3.2,2.4,191,111,2.3,9.3,5.8,88,2,2,Moderate,75.2
24,2.3,5.1,5.1,5.2,68,50,0.2,5.9,0.8,94,5,6,Moderate,73.8
41,4.1,2.7,2.6,1.5,50,224,2.0,9.7,3.2,26,7,4,Low,73.1
36,1.4,0.6,2.3,5.8,121,226,2.9,9.1,7.9,97,9,5,Moderate,77.2
17,3.7,3.3,5.5,5.7,105,126,4.8,5.1,6.5,71,1,7,Moderate,79.4
35,9.7,2.5,1.5,1.5,191,165,2.6,4.1,1.3,18,3,6,Moderate,53.0
43,7.3,5.4,5.1,2.1,177,120,4.1,6.0,2.2,40,6,8,High,57.8
30,14.4,4.8,2.9,5.4,131,337,2.7,5.8,2.6,25,7,6,High,46.3
43,13.3,2.9,3.1,5.8,165,260,0.2,7.0,5.2,27,6,10,Moderate,68.4
22,6.1,1.7,1.9,2.7,174,266,1.6,7.1,6.1,63,1,8,Moderate,86.6
27,4.9,7.9,3.4,1.9,114,182,2.9,8.2,6.0,67,4,4,Moderate,75.8
44,6.7,3.6,2.0,3.2,83,192,4.8,6.6,4.1,94,6,7,Moderate,71.2
23,9.9,5.5,0.2,4.1,192,54,4.3,3.7,6.5,79,8,3,High,47.1
30,5.0,1.1,1.6,1.6,141,303,1.1,9.0,3.5,50,10,1,Moderate,63.8
18,10.4,3.9,0.0,4.4,108,40,1.1,5.2,1.0,73,4,9,Moderate,69.4
29,7.1,0.2,5.9,0.3,135,327,1.0,9.8,4.5,101,7,9,Moderate,82.6
32,9.3,4.0,5.8,0.3,147,182,4.6,3.8,7.6,47,3,6,High,62.6
19,7.5,7.7,2.4,2.3,184,116,4.3,9.7,6.3,9,8,2,High,47.2
33,5.4,3.1,4.4,2.1,84,326,3.9,3.6,4.6,108,1,8,Moderate,76.2
23,15.2,0.3,2.1,1.9,23,74,2.0,4.6,5.2,72,4,10,Moderate,74.8
19,12.5,0.2,4.0,2.9,47,146,2.5,3.3,7.4,38,8,6,Moderate,59.5
17,3.1,3.1,4.8,1.9,149,212,2.3,7.9,3.4,99,10,7,Moderate,70.9
21,14.0,1.3,5.7,1.2,54,262,1.3,9.0,2.7,114,4,1,Moderate,66.1
37,8.3,0.2,2.4,1.9,154,107,2.5,6.0,7.8,99,2,3,Moderate,72.8
25,14.4,6.0,4.7,5.8,172,234,0.2,9.5,6.9,18,2,1,High,54.5
19,13.0,3.7,1.6,2.5,84,111,0.7,7.1,2.6,63,4,10,Moderate,75.7
37,7.4,2.3,5.9,2.7,178,322,4.4,7.4,3.7,18,4,1,High,57.7
44,1.3,7.2,0.2,3.5,38,254,3.8,8.9,3.3,75,2,1,Moderate,69.7
33,5.0,0.9,3.6,5.9,27,203,2.1,5.1,1.2,61,7,4,Moderate,67.9
41,9.1,7.6,4.0,1.4,29,57,2.6,5.5,7.7,12,6,7,Moderate,62.0
27,10.5,2.5,4.1,4.1,23,158,1.8,9.3,3.2,24,3,7,Moderate,74.4
17,4.9,7.1,0.7,4.3,171,214,3.7,9.3,7.0,99,8,5,High,66.0
25,3.1,4.8,5.6,3.6,186,34,3.9,9.8,1.5,88,8,6,Moderate,62.2
19,13.5,6.6,1.1,0.5,63,276,3.8,9.3,4.4,91,1,2,Moderate,59.4
29,15.8,7.9,3.7,4.1,40,154,3.6,3.9,0.2,41,3,5,High,40.1
31,8.9,2.3,1.3,0.4,67,20,1.0,8.8,6.1,116,5,7,Low,86.9
30,3.6,7.7,1.8,3.6,113,68,1.7,5.9,4.6,38,2,9,Moderate,77.1
23,5.1,3.1,3.3,4.4,179,115,2.3,9.9,5.0,29,5,6,Moderate,75.0
29,1.3,3.1,2.5,1.3,195,220,1.7,6.3,0.4,4,10,10,Moderate,56.7
38,14.7,2.7,1.0,5.0,137,45,3.8,6.9,1.7,80,3,4,Moderate,55.2
43,2.8,4.3,1.0,0.2,167,254,1.6,6.7,0.6,17,9,3,High,51.1
40,9.6,1.2,2.5,5.1,34,263,0.7,5.3,2.3,106,1,9,Moderate,79.3
23,5.1,4.4,4.5,2.8,28,346,2.0,3.5,5.0,110,4,7,Moderate,79.2
36,9.3,4.3,5.4,1.3,145,70,4.9,9.3,4.5,20,10,6,Moderate,51.0
31,10.8,6.1,0.5,0.8,12,100,1.1,8.6,4.9,85,6,7,Moderate,74.7
28,13.4,6.7,2.4,5.7,95,55,3.1,4.0,4.4,102,9,8,High,50.2
33,4.1,3.5,0.6,0.4,154,86,2.2,8.4,2.2,49,3,5,Low,75.2
30,1.2,2.4,0.1,1.2,151,148,0.4,7.4,2.0,5,3,3,Moderate,68.4
36,3.1,2.1,4.0,2.1,18,174,2.4,5.9,1.1,49,5,3,Moderate,70.9
39,14.5,1.6,3.6,3.7,199,264,3.5,4.8,6.8,79,7,2,High,49.4
41,14.1,0.5,1.0,3.3,103,130,2.6,9.0,4.9,65,5,8,Low,73.8
40,10.0,2.7,1.4,0.8,158,187,4.4,7.9,1.5,114,8,1,Moderate,49.1
43,10.0,2.2,0.1,1.7,174,161,1.4,6.8,1.4,0,5,8,Moderate,60.1
43,11.0,7.7,5.0,1.4,148,216,0.4,7.3,7.0,56,7,3,High,59.6
43,3.6,4.5,5.8,1.3,29,128,4.7,3.6,5.9,29,6,9,Moderate,71.7
28,14.7,2.8,0.8,2.5,44,98,1.9,6.3,5.3,57,10,2,Moderate,53.7
24,7.3,4.6,1.4,4.2,62,180,2.9,4.4,3.3,106,2,10,Moderate,76.1
44,6.7,1.1,5.2,1.3,184,38,4.0,4.5,2.1,51,3,9,Moderate,67.6
30,8.8,3.6,5.6,2.2,119,146,1.6,7.6,7.8,36,4,6,Moderate,77.3
28,1.7,5.0,2.5,2.3,189,224,3.6,9.4,6.4,47,5,1,Moderate,67.9
16,3.5,3.9,0.3,5.9,145,48,0.7,5.8,2.4,86,9,5,Moderate,65.3
40,12.1,3.2,0.2,5.7,13,226,1.5,4.5,6.8,0,6,10,Moderate,67.0
22,2.2,8.0,3.4,4.8,164,299,0.7,7.5,6.1,18,1,9,Moderate,78.5
24,10.0,7.0,2.4,1.4,181,170,4.1,9.1,2.4,45,3,6,Moderate,57.3
39,4.7,5.0,0.2,0.4,177,259,1.1,8.2,3.4,66,7,7,Low,74.2
16,6.8,4.6,3.5,1.9,111,285,3.6,9.1,1.5,1,8,4,High,50.8
27,5.3,5.0,0.1,1.6,56,201,4.7,6.8,0.9,55,7,1,Moderate,55.0
23,6.3,1.6,4.7,3.0,103,124,2.6,8.3,5.8,100,5,5,Moderate,82.8
39,11.8,3.2,1.8,4.7,181,255,2.7,4.0,2.1,16,10,2,High,32.2
26,5.5,0.3,0.2,5.1,57,192,2.3,5.4,6.6,91,8,8,Moderate,80.6
34,9.5,3.8,3.5,5.1,100,177,1.6,5.7,8.0,81,9,4,Moderate,63.8
32,8.1,4.3,2.4,2.2,189,191,2.4,6.6,0.6,96,7,1,High,49.5
23,11.0,1.8,5.8,4.1,93,330,3.0,9.5,3.8,78,9,10,High,70.9
18,15.1,7.7,3.3,1.9,77,176,4.9,9.1,6.4,21,1,7,Moderate,57.3
18,12.0,7.3,1.7,0.4,148,277,4.7,3.9,6.3,104,9,2,High,39.5
16,4.2,5.8,4.3,4.2,134,183,4.3,4.2,6.1,26,3,3,High,62.0
42,1.5,4.3,1.6,0.1,82,166,4.4,5.5,2.8,54,6,9,Moderate,72.3
20,4.9,7.0,5.4,2.5,13,173,2.3,5.0,3.6,100,8,9,Moderate,70.3
25,9.9,1.0,2.2,2.0,85,57,3.3,7.3,4.8,31,3,2,Moderate,66.7
22,1.8,6.3,3.3,4.2,82,150,4.5,9.3,7.8,59,4,3,Moderate,76.3
41,8.4,1.0,0.3,4.6,86,274,2.0,9.7,2.6,108,7,9,Moderate,77.3
24,10.0,6.4,2.6,1.8,57,227,4.8,7.6,7.4,82,7,1,Moderate,58.2
43,6.0,2.2,5.0,4.9,163,114,2.1,8.9,2.2,27,4,2,Moderate,66.3
22,12.6,7.0,4.8,1.8,111,346,3.0,6.7,7.9,27,9,2,High,45.0
24,2.6,7.6,1.3,2.7,115,190,3.5,4.5,5.4,119,3,10,Moderate,77.2
23,2.1,1.2,1.4,4.4,86,269,4.8,6.7,3.7,73,8,3,Moderate,66.9
27,11.9,3.7,4.9,4.2,48,209,1.2,6.9,4.9,83,8,10,Moderate,74.8
17,8.4,7.8,5.6,5.9,67,218,3.7,8.2,2.2,24,4,3,High,57.0
16,11.3,3.9,0.6,1.4,28,240,2.6,4.5,2.2,84,7,10,Moderate,64.4
31,7.5,6.9,2.7,4.0,97,43,1.3,5.6,0.9,77,4,2,Moderate,59.4
38,4.7,4.7,2.0,3.7,122,263,3.9,5.5,0.9,85,1,8,Moderate,69.3
38,13.3,3.0,5.2,5.5,86,343,2.8,9.7,2.8,116,1,8,Moderate,71.8
39,13.0,2.3,0.5,0.9,86,147,3.3,6.1,6.1,25,1,8,Moderate,69.6
20,11.4,1.6,1.3,4.5,195,112,1.6,8.3,4.9,107,2,2,Moderate,68.2
18,5.1,6.1,4.5,3.4,37,319,2.4,8.3,0.8,74,6,9,Moderate,75.5
27,9.9,3.1,0.3,1.6,75,152,3.1,4.9,6.8,118,10,7,Moderate,63.3
23,6.4,4.1,3.0,2.8,19,74,2.0,7.0,4.8,70,5,5,Low,79.3
37,2.4,3.9,2.7,2.0,135,177,1.0,9.3,7.7,16,2,7,Low,83.8
42,14.8,4.6,2.0,3.5,67,48,4.8,6.3,5.4,81,8,8,Moderate,57.9
18,3.1,6.9,2.4,5.3,151,230,2.6,9.6,1.4,6,9,9,High,57.6
16,15.3,7.8,3.2,3.4,134,173,3.7,4.5,3.8,55,7,2,High,36.6
18,7.7,3.3,1.0,3.8,121,312,2.1,3.5,5.2,63,9,6,High,62.2
20,3.8,6.6,3.4,3.1,93,241,1.8,9.2,0.2,19,4,9,Moderate,72.1
30,9.1,6.1,4.8,0.3,152,134,2.0,8.9,0.1,37,7,6,Moderate,53.8
29,14.1,4.6,4.6,1.4,105,177,2.0,9.9,1.0,74,5,2,High,54.2
18,12.0,7.6,0.9,3.0,42,278,2.7,7.8,2.0,107,5,1,Moderate,54.3
16,13.1,1.6,0.9,1.9,154,270,2.7,9.6,3.4,57,3,3,Moderate,63.6
20,10.9,0.9,1.6,1.1,161,141,2.5,8.8,3.9,15,9,5,Moderate,54.6
41,11.4,6.8,2.2,3.0,167,318,0.7,8.9,1.1,50,10,7,High,50.0
38,13.7,3.5,2.5,1.9,199,282,2.5,7.0,5.4,118,5,10,Moderate,69.5
29,4.7,6.8,4.1,1.5,150,68,0.8,5.7,4.8,26,6,10,Moderate,72.7
22,8.3,7.1,0.3,2.8,199,348,0.6,9.5,2.4,50,3,3,Moderate,61.2
42,4.3,0.5,0.2,0.8,56,316,4.7,6.0,0.1,74,10,9,Moderate,64.5
24,15.8,7.1,2.4,5.6,121,96,3.0,6.8,0.6,15,7,10,High,43.1
30,15.2,3.6,4.2,5.2,153,146,3.3,6.1,3.1,86,9,4,High,44.5
30,1.6,4.1,1.2,4.2,52,216,2.0,7.0,1.2,59,9,10,Moderate,75.0
41,11.6,5.0,3.8,0.6,17,240,4.5,6.3,3.0,75,10,2,High,45.7
25,14.9,7.4,1.6,4.7,12,110,3.2,3.3,5.0,39,10,3,High,36.1
43,3.7,0.2,5.3,4.8,134,27,3.8,9.2,4.4,66,5,5,Moderate,79.5
28,9.5,3.8,5.4,4.6,21,51,1.8,6.1,1.8,1,7,3,High,51.9
34,14.7,5.5,1.8,0.7,93,339,4.8,7.1,2.8,101,3,5,High,55.2
22,1.5,5.8,1.4,3.9,25,288,4.1,4.0,4.9,47,6,4,Moderate,64.9
32,11.5,5.5,2.5,5.0,87,210,4.3,3.0,6.9,51,8,10,High,57.7
35,5.5,1.1,1.4,3.5,68,182,0.9,4.7,6.0,23,8,3,Moderate,68.2
44,14.9,2.4,4.0,3.9,186,80,1.4,7.9,4.4,92,2,6,Moderate,68.1
19,15.6,2.9,5.0,2.8,72,283,1.4,3.7,2.9,110,6,8,High,59.5
20,15.2,6.4,4.0,3.2,199,304,1.4,9.4,2.9,109,7,4,High,49.1
38,8.1,2.2,4.9,0.2,58,114,4.3,4.5,7.0,97,7,9,Moderate,74.0
22,13.9,1.7,2.4,3.8,60,60,0.2,4.4,0.3,83,3,6,Moderate,62.1
28,13.7,7.7,0.9,0.5,42,168,0.4,4.3,7.9,81,9,5,Moderate,54.0
30,5.8,0.1,4.4,2.6,39,223,1.4,3.1,5.3,77,2,3,Moderate,76.8
26,13.4,8.0,2.2,1.8,196,286,1.0,8.4,5.4,81,3,5,Moderate,62.9
44,1.6,5.4,4.0,3.3,85,21,1.2,9.1,0.3,1,2,5,Moderate,67.0
19,9.9,6.6,1.6,0.8,24,197,4.0,7.3,4.8,64,9,4,Moderate,57.4
28,4.5,2.4,0.5,4.1,91,213,2.8,4.3,3.9,19,4,6,Moderate,71.3
22,2.8,0.1,6.0,4.8,101,215,0.0,5.0,0.8,33,2,3,Moderate,68.5
42,2.2,5.9,0.9,1.0,32,268,2.1,6.3,2.2,40,3,10,Moderate,80.0
34,11.4,6.7,5.9,0.6,103,231,2.0,9.7,7.1,40,4,1,High,62.7
37,6.1,5.9,5.9,0.9,54,172,0.6,4.7,4.4,111,10,7,Moderate,66.5
43,11.9,1.1,4.8,5.3,71,177,3.4,8.1,3.3,74,6,7,Moderate,70.4
17,2.0,6.0,4.0,3.2,24,158,3.5,6.1,0.6,90,5,4,Moderate,65.4
25,5.7,6.2,3.5,2.8,55,240,3.6,5.1,5.7,22,3,9,Moderate,74.1
28,9.1,5.3,5.2,0.6,73,292,3.6,6.2,5.6,37,10,2,High,51.2
40,12.9,6.1,1.7,3.9,183,173,0.0,3.5,4.9,43,8,1,High,40.6
36,5.8,6.8,2.8,5.2,193,268,4.8,8.6,4.1,66,8,3,High,55.1
21,10.4,4.9,3.7,5.0,181,298,4.1,4.7,3.5,61,7,7,High,53.2
43,14.3,0.7,2.5,3.8,84,323,4.5,8.1,4.7,11,3,9,Moderate,66.4
43,10.2,3.9,2.6,0.5,166,295,0.1,3.5,1.9,29,1,2,High,50.2
27,4.5,0.6,2.0,0.7,199,21,4.7,9.7,7.5,94,5,6,Low,78.4
27,1.4,3.3,3.4,0.3,61,107,4.0,4.4,4.7,86,1,3,Moderate,73.2
35,14.1,3.3,5.1,1.5,191,306,4.2,9.2,2.5,64,6,5,High,52.9
26,1.3,0.5,1.2,0.8,97,149,0.5,8.7,3.6,40,7,9,Low,84.4
41,14.1,2.8,5.6,1.6,66,97,3.7,9.8,6.4,19,5,3,Moderate,60.8
38,8.9,0.9,4.1,2.3,92,279,4.8,6.3,1.3,117,4,1,High,58.7
43,15.1,6.5,4.9,5.7,75,260,3.4,8.1,2.3,5,2,5,High,49.4
40,13.0,7.6,3.3,3.7,159,160,2.9,5.6,5.4,74,5,1,High,49.4
22,16.0,0.6,4.7,5.0,29,247,4.7,4.3,2.5,98,9,8,High,49.2
16,6.3,7.6,0.1,4.3,42,182,2.2,6.1,6.3,3,4,7,Moderate,70.9
16,12.5,4.2,4.9,0.7,81,255,3.0,4.2,1.0,92,2,2,High,50.8
40,7.0,2.4,0.2,4.4,34,147,2.4,9.9,6.1,9,6,9,Moderate,81.0
42,8.2,0.6,5.3,1.7,55,219,4.7,3.7,0.5,50,8,5,High,51.5
40,10.4,4.0,6.0,3.8,82,50,0.4,7.1,0.1,92,2,7,Moderate,69.7
35,14.1,6.4,1.8,2.0,107,157,2.5,7.4,7.2,37,9,4,Moderate,50.7
28,15.8,5.7,1.3,6.0,66,40,3.4,6.8,4.7,0,7,1,High,39.7
24,12.5,0.4,4.6,1.6,96,253,4.0,7.6,2.8,103,2,8,Moderate,70.8
18,7.3,0.6,1.5,1.7,142,221,2.9,3.8,1.9,7,5,1,Moderate,48.6
22,7.3,3.2,5.2,5.6,64,298,4.5,6.9,4.9,101,5,3,High,70.6
21,12.1,2.4,0.6,0.1,70,150,4.7,5.0,4.1,80,7,6,Moderate,59.1
23,4.6,1.9,0.8,4.2,98,167,0.3,9.6,7.9,82,5,8,Low,93.7
42,2.7,2.2,5.9,4.4,17,48,2.0,8.3,7.9,62,6,8,Low,92.7
24,6.3,6.4,4.0,5.0,25,327,0.1,9.8,5.1,32,9,2,High,64.0
20,5.3,7.4,5.1,5.8,185,181,1.6,3.3,3.5,14,3,9,High,61.2
16,5.4,3.2,1.9,5.9,125,80,2.7,5.0,3.9,108,3,4,Moderate,71.8
34,4.5,7.2,4.1,0.4,70,144,4.6,4.4,5.5,30,8,4,High,55.5
25,1.6,2.6,3.6,4.9,24,90,4.2,3.1,0.8,20,10,2,High,44.5
27,1.3,3.8,3.6,3.9,159,345,0.6,4.7,2.6,2,6,1,High,54.2
39,15.8,1.8,4.1,3.9,140,262,0.5,7.8,0.6,65,10,10,High,56.6
30,7.4,5.1,3.5,0.8,111,268,2.9,4.6,0.6,34,3,7,High,59.4
42,6.8,7.8,2.6,3.9,63,240,2.7,6.6,1.6,40,2,10,Moderate,70.4
37,11.2,4.8,1.7,5.9,23,40,1.3,9.2,3.9,58,2,3,Moderate,71.4
39,4.3,2.9,4.6,5.5,45,101,4.5,7.9,6.3,15,2,4,Moderate,77.2
24,15.2,5.2,1.4,2.6,114,29,4.6,5.8,3.9,55,5,9,Moderate,57.2
35,12.8,1.0,4.2,0.2,91,31,2.0,5.6,2.7,44,5,6,Moderate,63.0
32,2.3,7.1,1.4,2.2,76,282,4.5,6.2,0.7,114,1,1,High,58.3
32,7.3,4.0,3.8,5.0,19,164,1.9,4.2,4.4,58,2,9,Moderate,79.7
41,14.2,3.6,4.5,4.2,58,211,3.7,7.4,2.2,49,2,9,Moderate,66.5
35,15.2,4.7,1.3,2.8,120,269,2.4,5.5,4.9,84,4,5,Moderate,60.2
27,8.0,5.0,0.4,0.3,74,133,0.6,9.0,7.8,11,7,8,Low,74.0
22,10.2,0.6,0.8,2.6,66,45,4.6,8.3,0.9,91,3,7,Moderate,70.0
17,3.5,5.5,3.6,2.8,36,290,2.3,7.3,1.7,11,5,8,Moderate,71.8
18,15.9,1.9,5.1,5.6,122,52,3.7,5.5,3.8,32,9,9,High,50.0
32,4.5,5.7,0.3,3.8,142,81,1.8,4.5,7.7,83,5,2,Moderate,68.5
20,15.1,6.6,4.4,1.9,80,248,0.1,8.4,6.2,103,9,10,Moderate,66.9
32,10.7,6.4,2.0,3.2,92,322,0.5,6.4,7.2,48,1,5,Moderate,70.8
39,10.1,4.4,2.9,0.4,66,114,2.5,4.6,2.7,20,9,8,Moderate,53.1
32,8.7,4.2,5.6,5.8,129,54,3.4,4.4,7.9,59,5,3,High,63.0
42,4.5,1.1,2.0,2.2,102,212,1.7,4.2,0.8,51,8,6,Moderate,63.9
32,3.6,6.2,2.8,2.9,24,95,3.5,8.4,0.4,53,5,6,Moderate,70.5
17,4.3,2.2,0.1,2.1,120,268,3.5,4.6,6.8,38,6,7,Moderate,74.2
17,3.8,4.0,0.5,4.1,110,102,3.5,6.7,7.4,104,8,3,Moderate,69.9
43,12.7,2.3,1.6,4.0,128,44,2.5,6.2,0.7,48,2,8,Moderate,62.6
37,6.3,1.1,0.2,4.3,85,76,4.6,7.1,0.9,105,3,8,Moderate,74.6
38,1.9,5.0,3.8,1.6,167,51,2.4,9.1,0.3,63,9,9,Moderate,66.0
20,15.5,0.4,2.6,1.9,29,338,2.3,9.1,0.8,99,5,8,Moderate,66.8
16,14.3,6.0,3.3,0.8,174,31,1.0,6.2,1.7,85,5,3,High,49.6
16,14.9,2.5,1.0,3.9,140,338,1.5,3.1,7.8,25,9,6,High,48.3
34,15.9,0.0,1.8,0.2,82,111,0.2,6.0,5.3,70,10,9,Moderate,63.6
17,3.6,4.1,4.0,3.6,131,20,3.2,7.2,6.2,6,3,1,Moderate,67.2
36,6.9,0.4,5.8,5.2,50,345,1.2,6.9,6.2,71,4,3,Moderate,84.5
27,12.4,2.2,0.3,5.3,176,155,1.5,7.6,4.3,61,7,2,Moderate,59.6
41,11.4,5.7,5.3,2.7,163,215,3.9,4.1,6.4,89,2,8,High,63.1
21,3.3,0.5,3.5,2.8,139,152,1.6,7.5,4.8,87,8,6,Moderate,78.9
38,13.2,6.7,3.4,0.5,32,105,1.2,4.3,2.5,23,5,10,Moderate,58.8
19,4.4,0.0,3.0,4.0,32,314,0.8,8.3,4.5,39,1,8,Low,92.2
38,4.4,2.0,0.4,4.9,153,298,3.9,5.4,4.3,111,3,2,Moderate,69.8
26,9.1,5.9,0.5,1.5,18,343,0.6,8.0,6.6,75,9,6,Moderate,72.5
39,9.9,2.5,3.6,2.5,22,199,2.3,3.3,7.9,46,5,7,Moderate,71.8
42,9.7,0.8,2.0,5.0,165,23,2.5,5.9,3.3,7,8,8,Moderate,56.1
32,2.4,2.9,5.5,5.3,164,145,3.4,7.9,6.1,53,1,9,Moderate,87.4
21,14.2,2.2,2.4,1.5,60,194,3.2,4.6,0.8,8,7,5,High,43.0
39,5.0,6.7,0.9,3.3,73,270,4.1,8.6,6.2,2,7,3,High,60.9
20,2.9,2.5,4.3,1.2,61,40,0.2,7.4,3.0,53,8,2,Moderate,72.5
35,14.3,6.3,1.8,0.6,47,124,1.5,7.1,0.3,20,3,8,Moderate,56.9
17,15.3,7.1,3.2,5.5,109,85,1.4,5.5,2.9,94,1,1,High,48.9
21,13.9,3.5,4.2,4.9,155,282,0.7,6.4,4.9,47,9,10,High,62.3
37,13.1,7.3,5.4,4.6,60,68,1.4,7.2,1.0,46,1,6,Moderate,59.4
26,10.8,3.0,4.8,0.3,146,35,1.5,6.3,7.4,87,6,2,Moderate,65.1
31,9.3,7.7,4.1,5.1,150,164,2.6,7.9,0.6,67,9,3,High,45.8
31,2.3,0.7,4.1,2.6,177,269,3.3,6.0,7.4,83,2,8,Moderate,84.1
16,7.1,5.5,5.7,2.1,64,94,1.9,4.4,5.7,62,4,1,High,68.3
24,6.6,4.0,1.8,3.3,118,309,3.6,4.5,2.6,15,2,6,High,59.9
43,4.9,3.1,0.0,0.5,180,301,1.7,3.0,3.1,73,4,3,Moderate,64.8
42,11.9,5.1,1.6,4.5,53,85,1.5,5.1,5.9,106,2,6,Moderate,72.3
21,8.4,5.6,1.3,3.5,119,144,2.7,8.2,4.8,89,1,3,Moderate,70.2
31,2.2,0.0,4.0,1.1,170,338,0.1,8.6,5.4,92,3,8,Low,91.8
44,4.3,1.3,3.8,1.1,161,106,0.4,4.4,3.1,4,8,5,Moderate,59.1
18,11.2,5.7,3.6,1.1,173,60,2.1,9.7,3.9,10,5,4,Moderate,54.6
35,2.1,5.3,0.1,0.3,137,205,4.7,6.5,7.9,28,4,9,Moderate,76.0
43,13.8,7.7,4.4,3.5,114,285,3.6,9.4,1.7,108,5,5,High,52.2
42,8.4,6.1,1.9,5.0,19,290,0.4,7.9,3.3,78,6,4,Moderate,70.6
19,8.2,7.6,4.0,0.1,109,61,4.2,8.1,2.3,69,6,8,Moderate,63.5
34,9.9,5.6,3.3,0.3,157,112,3.7,3.6,6.1,47,5,8,Moderate,61.2
41,13.4,2.4,2.1,3.4,118,204,3.1,4.5,6.1,14,6,8,High,58.8
18,6.2,0.8,0.8,4.9,117,234,4.1,3.1,2.3,106,9,4,High,53.0
34,11.2,6.3,0.6,2.0,149,36,2.0,8.0,0.7,83,5,1,High,51.7
35,9.5,5.2,5.0,2.1,199,284,1.1,5.4,0.1,33,6,2,High,44.2
22,5.0,0.4,5.5,3.6,155,133,2.6,8.5,3.4,59,4,4,Moderate,77.7
35,14.2,2.9,3.9,1.6,103,311,2.7,5.4,3.3,61,3,10,Moderate,68.7
24,13.0,7.7,0.6,0.2,72,311,2.7,8.7,7.9,1,6,2,High,50.6
16,10.9,4.0,2.4,4.4,93,67,2.8,3.9,3.8,107,5,10,Moderate,68.3
23,13.8,3.5,4.4,3.8,34,326,4.7,4.2,2.1,79,4,3,High,51.7
22,14.0,3.7,4.7,3.5,21,116,4.5,5.4,7.1,18,5,9,Moderate,62.5
33,11.6,1.7,0.7,4.5,158,114,4.4,5.9,3.9,97,7,9,Moderate,62.5
23,13.6,2.9,0.0,4.1,34,345,4.0,5.4,4.8,48,1,9,Moderate,69.3
16,11.5,3.0,4.3,1.2,20,93,4.7,8.3,0.8,77,1,7,Moderate,66.9
26,11.2,0.4,2.1,2.1,73,87,0.5,3.7,3.1,87,1,4,Moderate,66.6
43,10.3,6.1,1.5,0.8,135,265,1.3,5.5,7.6,27,2,1,High,58.1
40,12.3,3.3,0.1,0.8,59,96,2.5,8.9,4.7,47,9,3,Moderate,59.1
40,3.4,6.6,3.2,4.1,199,227,4.2,3.5,2.8,95,5,8,High,60.8
33,14.2,6.8,5.1,5.2,98,273,2.5,9.6,5.0,36,9,4,High,49.5
38,14.1,1.7,5.7,5.8,108,240,3.7,9.9,7.3,73,5,10,Moderate,76.5
25,1.4,5.3,3.4,3.8,125,281,0.7,3.6,2.2,48,7,10,Moderate,69.1
18,13.4,3.8,3.1,1.1,105,278,1.3,5.0,4.0,108,6,2,Moderate,55.9
22,2.9,7.0,0.5,0.6,186,327,3.7,5.6,7.7,47,2,8,Moderate,72.5
43,6.0,1.7,3.3,4.9,23,93,0.8,8.4,1.4,72,3,7,Low,85.3
31,12.2,5.4,2.3,3.5,10,144,1.8,7.2,5.8,87,5,10,Moderate,79.0
41,3.4,4.9,3.6,3.7,34,207,1.3,7.5,4.9,99,4,9,Low,92.4
31,13.3,2.4,2.3,4.7,196,273,1.7,8.3,5.4,119,6,2,High,61.5
40,13.5,1.1,1.4,4.2,81,340,3.5,3.8,2.8,28,8,5,High,46.1
35,8.6,5.2,0.6,5.0,78,327,1.8,8.8,2.5,59,8,6,High,66.1
43,1.1,5.9,1.9,0.3,142,254,2.8,7.9,5.5,28,3,2,Moderate,70.0
32,5.3,2.5,0.6,4.5,114,269,0.5,7.0,1.7,57,4,2,Moderate,73.0
17,10.3,5.2,1.1,5.1,156,91,4.0,9.2,3.4,47,1,10,High,69.3
16,15.7,3.2,5.9,1.7,32,254,1.8,7.9,1.5,22,2,4,Moderate,57.1
31,10.5,5.7,2.7,3.8,18,343,3.2,4.4,0.1,26,9,8,High,45.2
27,4.9,1.6,3.2,1.9,127,175,3.6,6.0,7.8,94,10,5,Moderate,68.1
20,10.5,7.1,5.2,5.7,103,134,1.0,6.5,3.5,106,10,9,High,60.4
20,9.1,2.3,6.0,0.2,187,332,4.4,3.4,7.8,6,2,4,High,53.9
42,12.7,2.9,3.5,3.5,153,247,3.1,9.7,1.1,48,6,3,High,52.2
38,2.6,0.5,4.9,1.0,42,341,2.1,3.9,4.7,53,7,10,Moderate,82.0
24,12.4,0.9,2.0,4.3,139,264,0.9,7.9,1.6,108,6,8,Moderate,69.0
24,9.1,4.1,1.8,1.1,23,325,4.7,6.5,6.3,67,8,1,Moderate,59.3
18,15.4,2.1,2.4,1.4,10,33,3.8,3.2,6.3,77,9,9,Moderate,58.1
34,6.1,6.7,4.0,3.0,99,35,1.0,9.5,0.9,105,8,4,Moderate,62.1
31,10.5,0.1,4.1,5.5,195,61,1.7,9.0,7.3,41,5,9,Moderate,77.2
31,15.0,3.0,1.9,1.3,98,129,4.0,6.7,1.6,73,8,8,Moderate,53.2
18,2.5,2.7,0.8,0.9,153,297,3.5,4.6,4.9,58,10,3,High,59.0
35,15.1,0.2,3.8,4.6,99,343,3.8,3.9,7.9,43,10,3,High,44.0
39,11.3,1.0,0.8,3.0,184,38,2.2,5.5,7.1,97,9,9,Moderate,65.4
37,2.0,3.3,3.5,5.5,181,85,3.6,4.8,7.7,25,8,3,High,58.1
39,5.5,3.9,4.2,0.9,23,186,1.9,6.5,2.7,22,2,4,Moderate,70.8
16,11.6,3.2,4.2,3.9,161,92,1.1,9.8,0.8,72,2,9,Moderate,71.1
39,2.0,4.2,4.5,1.4,120,329,3.2,7.0,1.5,100,3,4,Moderate,70.8
35,9.7,4.8,5.2,0.9,192,131,4.9,9.2,4.0,7,7,3,High,45.9
26,6.2,0.1,3.0,4.1,152,293,1.6,7.6,6.3,52,9,7,Moderate,75.9
32,10.3,3.7,4.4,3.6,92,104,2.3,6.3,1.2,13,8,6,High,51.2
23,1.7,7.7,3.7,4.5,81,158,3.4,9.0,5.3,70,9,1,High,62.2
19,14.1,4.2,1.1,1.9,171,58,2.7,6.3,2.6,6,6,10,Moderate,51.8
21,15.6,5.4,0.2,2.7,139,124,4.2,9.1,2.7,8,1,8,High,51.3
23,15.5,2.5,1.7,2.4,36,343,3.8,5.0,5.3,2,4,1,High,48.8
35,12.2,6.2,2.7,5.9,83,300,0.3,3.9,3.7,77,6,4,High,56.0
18,3.0,6.2,3.7,1.8,108,142,5.0,9.0,6.5,16,6,6,Moderate,68.2
31,12.4,4.2,5.1,1.8,81,237,3.8,7.1,1.2,113,8,6,High,53.6
40,1.4,7.8,1.2,2.1,32,80,4.3,9.2,6.3,43,1,7,Low,79.7
18,1.3,1.0,0.8,3.4,77,119,3.3,9.6,0.5,85,2,5,Moderate,77.6
40,5.9,0.1,5.8,1.5,151,326,4.3,3.4,1.6,45,2,5,High,59.8
44,8.3,6.2,0.6,5.5,126,223,0.6,6.5,5.2,89,6,4,Moderate,67.9
33,12.6,6.5,2.9,1.6,115,277,1.7,5.6,6.8,57,7,6,Moderate,60.4
29,11.2,1.0,3.5,5.4,102,24,4.4,7.4,2.0,27,2,7,Moderate,63.1
33,7.7,2.1,3.2,0.6,74,216,1.0,8.6,2.6,108,5,10,Low,86.3
17,5.1,0.1,0.5,3.9,77,199,0.4,5.0,4.3,13,6,10,Low,78.5
37,16.0,2.3,0.3,5.4,137,152,3.9,6.9,1.7,8,4,1,High,41.3
18,7.4,6.2,0.6,1.0,72,343,4.2,8.0,6.5,114,1,9,Moderate,81.6
31,7.8,4.1,3.5,5.8,122,272,0.8,3.9,6.2,25,3,8,Moderate,73.1
44,3.5,2.8,3.3,2.7,99,284,4.3,8.7,1.2,1,10,7,High,56.8
24,12.9,3.0,1.4,5.7,90,112,3.4,7.2,3.7,74,9,9,Moderate,62.7
19,11.4,0.0,3.8,4.1,112,169,2.6,9.6,6.2,80,6,3,Moderate,70.1
16,4.3,2.4,4.9,1.8,169,157,4.2,5.4,2.7,33,2,10,Moderate,72.8
19,2.2,5.2,0.2,1.1,125,227,2.1,3.8,5.1,18,9,4,Moderate,55.8
16,11.2,7.8,3.0,1.8,22,144,1.0,6.5,0.4,38,4,7,Moderate,60.5
29,10.8,6.8,4.1,0.6,133,253,1.4,3.6,4.9,81,8,6,High,54.6
36,5.1,0.2,1.5,0.9,156,80,2.5,9.8,1.2,12,10,2,Moderate,51.2
31,15.3,7.2,1.8,0.6,161,326,2.7,3.3,6.6,4,7,2,High,32.5
35,3.3,6.3,3.7,2.5,97,285,4.0,8.3,2.8,49,3,10,Moderate,79.1
39,7.5,6.2,5.4,4.8,20,153,4.0,6.7,2.3,22,8,7,High,56.2
23,15.2,3.7,4.9,0.8,196,337,2.9,5.6,6.7,119,4,9,Moderate,65.3
22,7.3,3.2,3.5,0.8,24,132,3.9,3.5,0.4,87,2,9,Moderate,67.8
18,10.6,2.4,4.4,3.9,19,210,1.0,7.4,3.2,28,5,7,Moderate,73.4
32,7.0,0.5,2.2,1.2,50,206,0.3,7.1,3.0,111,1,8,Low,86.7
16,5.1,1.8,3.8,0.6,164,338,4.4,5.0,2.3,110,8,10,Moderate,66.4
31,15.8,2.0,2.8,1.0,197,108,0.4,9.4,7.3,71,8,3,Moderate,58.4
27,7.1,3.9,1.1,5.5,82,206,1.2,5.1,6.0,25,3,1,Moderate,68.0
42,14.4,6.0,4.2,4.9,61,326,3.5,6.1,0.5,78,1,7,High,55.5
34,4.4,3.8,3.3,2.1,137,151,2.0,6.8,5.7,56,4,8,Moderate,85.8
37,4.2,0.5,2.2,3.9,37,142,4.4,3.7,4.2,0,9,2,High,51.7
38,1.5,7.7,5.5,3.2,74,67,1.5,9.5,7.2,27,9,9,Moderate,74.8
37,10.8,7.5,0.1,4.1,26,307,0.1,5.6,2.5,112,1,4,Moderate,62.8
29,6.5,6.3,1.9,4.1,104,198,1.5,3.6,4.6,61,7,10,Moderate,70.5
21,14.0,7.9,0.3,3.8,181,199,2.9,5.7,4.0,46,6,9,Moderate,51.6
21,8.1,4.4,4.6,1.6,147,118,1.9,7.2,3.9,109,7,3,Moderate,63.3
28,15.5,7.7,4.2,0.2,72,349,2.7,6.6,3.6,77,7,8,Moderate,55.1
34,3.8,0.6,2.0,2.7,184,53,4.4,7.9,1.6,105,8,2,Moderate,59.5
37,14.0,2.9,4.1,5.3,47,89,4.6,3.4,6.0,97,8,3,High,50.8
23,12.6,1.8,2.4,3.4,79,190,1.3,5.0,3.6,58,10,1,Moderate,50.4
42,12.6,1.6,4.5,5.0,113,291,2.3,8.7,7.7,30,2,5,Moderate,71.3
42,13.7,1.1,2.7,5.9,62,78,2.7,3.6,2.1,69,4,4,Moderate,57.9
17,12.4,5.0,2.5,1.0,181,200,4.7,9.0,5.5,48,4,1,Moderate,54.6
36,10.4,6.3,5.6,4.2,128,38,5.0,3.6,7.5,4,10,10,High,44.8
16,3.0,4.6,1.5,4.0,83,245,1.2,8.8,5.3,30,8,9,Low,80.6
43,1.5,1.2,0.7,5.9,63,114,3.6,5.5,7.0,36,3,6,Low,81.5
30,14.8,6.5,3.5,5.9,29,316,1.9,7.3,6.6,78,3,6,Moderate,69.8
16,10.2,5.1,5.8,4.1,88,100,0.0,4.1,2.9,14,2,2,High,53.2
20,12.9,3.1,2.3,1.5,40,194,0.0,3.5,4.8,51,1,7,Moderate,69.8
43,8.2,5.4,0.4,4.8,144,241,2.3,4.5,1.3,106,8,9,High,57.4
44,2.8,2.1,2.0,0.6,67,122,2.4,3.9,4.3,68,9,6,Low,70.6
31,2.9,2.8,3.0,4.7,114,73,0.1,5.2,1.8,91,9,8,Moderate,70.6
34,11.3,7.3,1.0,5.5,19,202,3.4,6.6,5.9,96,8,5,High,59.8
19,7.5,2.3,3.9,2.3,19,337,1.5,7.1,4.2,10,5,2,Moderate,68.4
18,4.0,3.8,6.0,3.8,48,340,2.8,8.5,3.3,42,1,4,Moderate,78.6
32,8.4,7.1,2.7,2.6,165,87,1.5,7.6,2.2,69,9,1,High,49.1
32,2.0,5.7,2.1,2.6,167,47,0.8,7.3,8.0,22,6,1,Moderate,66.0
27,9.7,0.5,2.4,1.9,46,293,2.0,5.9,0.6,39,7,6,Moderate,61.3
43,5.0,1.2,0.7,4.6,128,301,1.2,6.3,0.3,62,8,2,High,61.4
44,13.0,0.1,5.3,5.6,76,330,2.7,5.9,1.7,1,5,6,High,54.2
29,5.7,5.0,2.5,5.6,52,138,1.0,8.9,7.8,78,6,1,Moderate,77.4
36,7.8,3.6,2.3,1.0,61,153,2.5,4.6,7.8,86,7,10,Moderate,77.5
21,1.2,1.1,4.0,5.2,110,148,0.8,3.0,5.2,85,7,3,Moderate,70.9
18,2.1,7.7,2.7,4.4,65,27,3.4,7.6,7.0,72,2,9,Moderate,85.6
43,6.9,4.2,3.9,1.5,85,70,3.8,4.4,1.7,46,1,2,High,57.1
24,8.2,1.9,0.4,0.4,77,300,0.6,9.2,7.8,103,8,8,Moderate,83.4
20,10.0,4.0,4.9,1.6,146,194,2.3,9.0,1.1,29,5,6,Moderate,60.2
39,5.4,5.4,5.6,5.5,115,202,0.4,3.5,0.8,15,10,6,High,47.4
44,11.4,0.6,3.9,3.8,134,211,3.0,3.7,0.9,58,2,7,High,59.1
32,13.9,2.2,5.7,4.3,101,268,1.3,6.5,4.6,109,3,5,Moderate,70.4
29,12.7,6.5,0.9,1.5,32,254,2.6,7.3,6.2,46,6,4,Moderate,62.5
36,1.6,3.7,2.9,4.3,118,102,2.6,4.9,2.9,115,10,6,Moderate,62.4
18,8.2,4.4,3.6,0.2,70,112,4.6,8.0,7.8,29,6,8,Moderate,72.2
43,2.6,3.5,3.5,2.3,177,331,2.7,7.2,3.5,108,8,4,Moderate,66.4
16,4.6,0.4,2.4,3.8,53,287,2.9,5.3,1.2,8,5,5,Moderate,64.8
35,15.8,1.3,2.0,0.9,161,139,2.0,3.2,3.7,64,5,7,Moderate,56.0
44,3.1,3.6,0.8,4.9,188,90,4.7,8.3,5.4,58,7,6,Moderate,71.8
36,8.5,1.7,2.4,1.4,195,36,3.9,4.5,6.7,101,10,4,High,54.2
38,10.3,0.4,1.0,3.9,170,272,1.4,8.8,3.7,63,5,4,Moderate,70.2
16,11.5,6.7,4.4,2.4,25,141,4.2,5.9,4.7,7,9,10,High,52.6
18,9.4,7.8,1.3,3.6,31,29,2.2,7.0,2.1,51,6,4,Moderate,58.6
33,1.1,6.3,0.4,0.6,66,306,4.1,9.1,5.2,17,7,1,Moderate,61.0
40,5.9,6.8,3.3,0.1,71,335,4.1,9.0,7.9,90,8,5,Moderate,69.2
25,8.8,1.9,3.6,5.5,116,345,0.9,5.6,0.4,81,5,8,Moderate,70.5
37,2.3,7.7,5.2,1.6,80,292,3.5,4.5,7.1,95,4,7,High,75.5
41,6.3,1.6,3.5,4.9,99,325,1.5,8.4,4.5,57,8,5,Moderate,76.1
18,1.5,7.6,2.1,6.0,81,312,1.5,6.0,2.0,48,10,3,High,54.8
23,2.2,8.0,4.8,1.3,79,229,1.5,4.3,7.6,31,9,1,High,55.3
29,7.0,5.7,3.2,1.6,39,237,3.6,9.3,3.9,116,1,7,Moderate,78.0
39,3.0,7.8,0.5,4.0,112,260,1.1,4.4,2.7,47,3,3,Moderate,63.7
33,9.5,4.6,3.4,5.8,160,219,0.0,3.2,1.5,44,4,4,Moderate,54.4
30,11.3,2.1,5.4,5.5,41,235,3.6,3.1,2.0,53,7,5,High,53.3
37,13.0,3.5,2.4,3.0,95,224,0.9,7.4,6.7,99,6,8,Moderate,75.8
38,4.0,4.7,1.8,4.8,66,235,0.5,7.6,4.9,99,10,7,Low,77.7
17,3.5,0.6,0.9,0.8,118,99,1.2,5.2,7.3,84,10,9,Low,79.1
42,2.6,5.0,0.9,5.9,18,286,1.9,5.2,1.9,45,1,3,Moderate,69.2
25,10.5,7.8,2.6,5.8,40,54,2.4,5.4,1.0,95,4,10,High,65.5
17,11.6,1.5,3.6,1.0,80,308,0.2,7.8,0.0,30,6,1,Moderate,54.7
41,1.5,6.3,0.5,1.8,146,37,4.9,3.4,4.1,36,3,1,Moderate,52.9
32,15.0,7.3,5.6,0.6,22,184,3.6,9.5,8.0,15,2,10,Moderate,65.6
23,1.8,7.5,4.5,1.6,195,32,1.6,4.6,5.6,45,2,1,High,62.0
16,9.1,7.7,3.5,4.9,140,221,1.6,10.0,2.5,45,10,2,High,46.8
24,11.6,4.2,5.0,2.3,44,248,2.2,4.2,7.0,77,4,2,High,65.3
26,14.1,7.8,0.5,0.5,30,20,3.1,8.4,6.3,87,1,7,Moderate,69.4
37,11.7,6.1,2.9,2.1,73,338,0.7,4.6,0.1,88,10,9,High,51.1
31,13.0,1.3,3.8,5.9,104,236,0.9,3.6,6.5,60,2,8,Moderate,74.0
22,6.1,3.8,5.0,3.8,189,53,4.3,9.1,2.4,45,10,4,High,52.1
44,13.2,5.7,4.7,2.5,43,285,1.3,9.0,1.2,50,2,2,High,59.0
25,2.2,2.0,1.7,1.0,130,147,1.9,5.8,1.8,61,4,3,Moderate,72.9
38,14.4,5.1,5.6,5.9,172,231,4.4,7.9,3.7,34,4,10,High,60.1
41,9.2,5.3,0.7,4.9,24,282,3.3,6.9,3.4,80,1,5,Moderate,69.8
18,13.3,1.3,5.3,1.7,129,331,1.7,9.0,2.3,109,7,9,Moderate,67.8
33,7.8,4.5,5.8,0.4,105,99,3.4,5.2,1.4,41,7,8,Moderate,58.3
40,10.7,6.2,1.1,0.3,15,184,0.1,6.7,6.1,44,10,3,Moderate,58.2
39,8.9,4.0,4.3,0.7,118,271,3.7,6.4,7.9,117,10,9,High,66.1
28,12.0,0.1,0.2,3.5,106,31,2.4,5.5,6.2,67,10,10,Moderate,67.4
43,2.2,0.1,2.4,5.6,41,323,4.1,9.2,2.4,74,1,3,Moderate,78.1
41,1.9,2.9,3.1,3.0,189,231,4.8,4.2,2.0,46,8,10,Moderate,60.4
22,4.7,7.4,3.5,5.1,92,301,4.6,4.0,1.7,78,10,8,High,51.9
40,3.4,1.8,5.6,2.7,165,131,4.5,7.0,1.1,29,7,1,High,53.3
19,14.1,5.1,4.0,4.3,127,230,2.6,7.6,4.4,23,7,4,High,50.6
28,4.3,1.8,2.9,4.4,88,258,1.8,4.4,4.8,65,6,4,Moderate,75.4
35,15.6,2.6,4.9,1.0,87,287,2.3,5.7,5.6,42,4,6,Moderate,65.2
16,6.1,6.8,5.7,2.2,156,317,3.4,9.6,5.4,33,8,2,High,56.3
23,3.7,5.8,0.1,3.8,116,336,4.4,4.7,2.3,22,2,7,High,62.0
29,12.8,0.8,5.9,0.4,135,77,1.0,7.7,2.6,60,7,5,Moderate,63.7
31,10.9,3.4,0.5,2.2,24,53,4.6,8.2,5.5,94,3,10,Moderate,81.4
29,8.5,0.2,4.9,3.2,143,282,4.1,6.1,2.8,36,3,6,High,64.6
27,9.3,3.8,1.7,6.0,82,54,4.9,9.6,1.7,12,7,6,Moderate,54.1
34,11.8,5.3,0.8,2.8,110,290,4.4,8.2,3.0,96,3,6,Moderate,63.5
38,4.4,0.9,2.6,4.9,107,246,1.4,6.2,2.2,70,5,10,Moderate,84.6
30,15.9,2.3,3.9,2.6,175,44,0.5,7.0,0.7,95,8,8,Moderate,53.9
43,15.6,3.2,2.3,4.8,35,253,0.6,7.8,6.6,6,4,10,Moderate,74.3
17,10.8,7.4,0.3,3.6,101,78,1.5,7.1,6.8,41,7,4,Moderate,60.5
17,4.0,7.9,3.6,5.3,134,270,3.1,9.2,1.8,37,7,10,High,66.9
38,11.2,0.4,5.4,2.5,188,105,4.0,5.5,0.5,51,2,8,High,58.0
37,2.1,6.1,2.3,3.6,82,270,4.5,5.1,5.9,43,8,9,High,69.2
34,1.5,3.0,1.3,3.8,132,199,3.1,4.5,1.7,63,10,4,Moderate,55.6
40,4.9,3.1,2.7,2.5,62,226,0.0,3.3,3.1,12,10,1,Moderate,50.5
41,7.9,6.0,0.3,0.9,193,168,0.9,3.3,0.5,87,9,3,High,42.1
44,14.0,7.3,4.9,0.6,196,90,0.5,9.1,1.8,27,6,1,High,40.9
37,11.9,7.6,5.0,0.1,87,140,1.8,7.7,6.3,95,5,7,Moderate,71.2
41,12.1,4.6,3.5,5.2,101,272,2.5,7.6,6.4,106,1,1,High,66.1
41,7.4,2.9,2.1,1.4,195,112,0.2,7.3,1.7,81,1,4,Low,69.3
37,6.2,6.3,4.8,1.3,97,275,1.7,8.9,2.7,97,9,1,High,58.4
32,6.6,2.0,3.3,4.4,22,273,0.9,6.4,1.1,111,4,2,Moderate,73.1
35,15.8,4.5,5.0,1.9,52,307,3.2,9.1,0.6,97,1,1,High,51.8
25,1.6,2.9,3.8,3.0,85,328,2.3,5.5,7.9,114,10,5,Moderate,71.8
21,14.0,5.3,4.7,1.0,60,78,2.5,9.5,5.2,101,3,7,Moderate,72.5
30,9.7,1.9,3.6,5.8,28,88,2.1,7.9,4.3,0,6,3,Moderate,64.1
37,7.6,1.5,2.5,5.1,158,105,4.8,4.8,6.1,42,8,8,High,63.5
26,11.9,7.3,5.7,5.2,131,293,1.1,6.9,6.7,113,10,5,High,56.2
43,8.3,0.8,3.2,2.4,33,246,2.6,6.7,6.5,41,2,5,Low,79.4
20,14.1,4.0,3.6,4.6,35,100,3.7,4.0,0.1,94,8,5,High,43.2
16,14.5,1.8,1.3,0.9,182,133,2.8,7.1,1.5,49,1,8,Moderate,60.6
23,7.3,0.3,3.8,0.1,165,203,4.6,5.2,5.2,59,2,2,Moderate,64.7
36,5.2,0.3,3.4,0.1,129,299,1.9,3.4,3.0,0,8,2,High,50.2
43,9.9,1.4,1.1,3.5,91,341,2.3,9.6,7.9,50,7,8,Moderate,78.0
27,14.7,6.9,0.4,2.7,109,337,0.4,7.5,5.3,15,5,9,Moderate,63.0
27,4.2,2.3,3.6,3.1,166,73,3.0,9.1,7.7,38,10,10,Moderate,76.2
20,10.3,7.6,4.6,0.0,26,216,1.4,7.7,1.6,14,2,10,Moderate,67.0
22,10.5,4.7,3.1,2.5,77,312,0.8,5.5,6.9,32,9,2,High,55.6
19,12.0,3.5,1.4,4.3,53,312,2.7,6.6,2.6,86,5,4,Moderate,63.6
21,3.0,4.6,4.0,2.7,70,310,2.7,7.7,7.9,52,8,8,Moderate,80.9
28,11.7,4.1,0.5,4.4,132,199,0.4,9.7,1.3,104,4,2,High,61.8
35,14.6,6.1,2.7,1.4,102,241,3.5,4.8,4.1,97,9,4,High,43.2
30,3.7,2.3,1.0,4.9,83,293,3.1,9.1,6.3,16,10,10,Moderate,77.1
18,4.6,2.8,1.1,3.5,162,263,0.9,9.5,3.5,88,7,1,Moderate,69.8
38,15.6,7.2,1.2,1.3,76,173,2.3,7.7,3.7,119,2,2,Moderate,55.7
23,3.7,7.6,2.3,1.4,120,323,3.6,9.5,7.9,105,3,7,Moderate,80.4
35,13.8,7.1,0.3,3.8,11,292,2.6,5.8,3.4,5,2,1,High,45.1
31,8.4,3.4,2.4,5.0,98,154,2.0,9.7,4.8,30,5,1,Moderate,66.5
28,4.7,6.2,3.1,2.5,186,332,1.6,7.9,0.4,68,2,2,High,63.2
33,14.1,3.8,2.9,1.5,35,27,3.1,3.3,6.7,103,5,4,Moderate,59.5
43,7.7,4.0,2.3,5.2,108,147,4.7,9.3,5.2,39,9,7,Moderate,63.9
25,8.7,1.6,5.0,4.0,36,75,3.4,6.4,3.2,29,2,4,Moderate,67.7
34,6.4,4.7,0.9,2.7,98,145,0.4,6.2,0.1,68,9,5,Moderate,59.1
32,9.9,1.5,3.0,2.9,155,178,2.3,7.0,4.7,75,7,4,Moderate,65.7
39,3.5,2.7,0.4,1.2,191,78,4.5,4.0,0.1,6,7,4,High,44.0
34,6.9,6.8,0.4,3.8,10,77,0.5,6.3,0.0,108,5,9,Moderate,71.5
43,15.5,1.7,3.4,2.2,198,159,4.9,8.8,4.9,12,8,6,High,46.1
41,4.9,0.6,3.4,6.0,112,195,4.7,3.1,1.5,112,7,3,High,54.9
38,10.9,0.6,5.3,2.9,140,127,0.4,4.9,1.5,3,6,6,High,53.4
41,5.9,7.5,3.3,2.9,50,230,4.7,3.0,5.2,49,2,7,Moderate,65.8
20,12.6,4.1,5.8,3.4,174,93,1.8,5.9,0.4,105,6,7,High,54.2
41,3.0,3.3,0.3,5.5,60,186,4.2,8.1,2.5,2,2,8,Moderate,74.4
36,15.5,6.5,0.6,4.8,24,323,2.1,8.6,1.2,11,1,4,High,49.9
38,7.8,6.7,0.3,2.7,17,252,2.2,9.6,4.6,64,9,1,Moderate,60.5
24,4.5,2.7,1.1,4.3,47,346,3.2,7.3,5.3,26,5,6,Moderate,79.9
27,2.1,5.5,3.2,3.5,123,201,3.9,4.8,5.8,106,10,8,High,65.5
36,3.5,6.2,3.9,3.0,92,141,0.2,9.5,2.0,49,10,5,Moderate,64.5
16,8.8,5.2,0.3,1.2,65,222,3.0,8.4,0.7,76,4,3,Moderate,64.2
41,6.1,1.2,5.7,2.8,184,48,0.9,7.0,0.6,16,8,4,Moderate,55.8
41,13.4,7.0,5.1,1.5,112,221,1.7,7.9,3.4,71,5,8,Moderate,65.5
16,7.5,4.3,1.8,5.5,147,112,1.7,9.5,7.6,31,7,6,Moderate,70.7
30,4.7,2.3,0.5,2.0,111,348,2.3,8.0,1.7,83,3,5,Low,78.8
17,10.3,3.4,1.0,5.7,87,195,1.7,5.6,2.1,50,8,9,High,63.6
37,11.6,0.3,0.8,3.2,186,349,0.5,8.0,0.8,16,8,10,Moderate,58.8
31,3.5,1.0,0.7,3.8,178,230,0.7,3.3,4.8,33,3,3,Moderate,69.2
40,3.5,6.1,3.1,3.3,92,203,0.2,5.7,5.4,34,9,7,Moderate,69.5
23,1.6,0.0,1.5,0.8,39,114,2.4,5.8,5.1,98,8,9,Low,83.5
28,12.0,3.3,2.1,2.3,14,292,4.8,4.2,6.9,101,1,4,High,63.9
36,11.0,4.2,5.9,0.6,128,156,0.6,3.2,3.9,105,8,10,High,62.5
16,8.1,0.4,4.1,3.7,40,256,4.7,3.9,1.1,23,4,10,High,64.9
31,13.7,7.8,5.7,2.7,189,284,3.7,7.6,2.3,53,6,3,High,42.6
44,13.1,1.8,0.9,4.7,32,154,3.2,8.6,5.3,17,10,1,High,50.6
22,9.8,2.4,2.3,1.3,57,163,3.2,9.9,4.9,49,9,9,Moderate,72.6
20,14.0,2.4,3.3,1.0,118,38,4.1,5.4,4.2,45,5,1,Moderate,50.3
37,4.1,1.8,0.5,2.4,49,250,0.5,7.2,5.5,47,7,2,Low,79.3
44,2.7,0.0,0.0,5.6,15,153,2.5,9.6,5.1,102,1,9,Low,95.7
38,5.0,5.8,4.0,4.3,47,133,3.5,4.2,7.1,32,9,5,High,60.5
18,1.9,7.7,3.9,2.5,178,158,2.9,8.0,4.7,112,6,4,Moderate,67.7
27,9.0,1.8,2.5,3.1,109,144,4.2,8.3,6.2,86,4,9,Moderate,83.6
41,15.0,5.3,2.9,0.5,36,223,0.4,3.6,2.0,88,6,9,Moderate,58.2
31,1.6,5.9,2.5,5.9,78,80,3.5,9.0,5.4,100,5,2,Moderate,74.5
34,2.8,6.8,0.1,4.0,66,269,2.7,8.7,7.2,26,3,3,Moderate,75.0
20,7.8,3.4,2.0,1.7,26,317,1.9,3.2,3.1,0,7,3,Moderate,51.5
37,15.0,2.4,1.1,3.5,80,32,1.7,3.6,6.2,84,3,5,Moderate,65.7
40,5.7,2.6,0.6,0.7,56,274,3.1,3.3,5.8,58,2,3,Moderate,73.5
44,8.6,5.7,5.7,5.8,88,104,4.5,5.3,0.5,112,4,10,High,64.2
29,1.6,6.5,3.6,1.0,119,39,2.5,6.6,4.7,9,7,6,Moderate,63.8
43,3.2,1.5,4.4,3.9,22,69,4.1,6.7,1.0,94,5,2,Moderate,69.2
20,15.8,3.0,1.9,1.5,148,183,2.0,4.9,7.7,107,9,6,Moderate,53.7
30,15.5,7.2,2.4,4.3,133,111,0.5,9.4,6.5,24,10,6,High,49.4
32,1.1,6.5,1.4,4.7,118,107,0.3,5.6,0.9,83,7,2,Moderate,58.9
29,15.3,7.9,0.6,4.0,99,88,0.3,3.3,1.0,56,9,6,High,37.7
35,10.6,6.0,1.1,3.7,95,56,1.9,5.1,4.8,65,9,6,Moderate,57.9
20,14.0,3.1,4.8,5.4,101,272,1.7,6.7,2.8,118,2,6,High,66.4
27,7.8,4.7,4.1,0.5,33,271,3.6,5.9,0.3,111,1,5,High,64.0
31,8.7,5.3,3.3,2.0,82,159,3.7,4.9,4.3,14,4,7,High,62.0
41,8.3,0.6,2.9,1.5,13,187,0.3,3.9,3.1,27,4,5,Moderate,69.1
41,11.0,4.4,5.5,5.9,122,73,1.1,8.7,0.8,12,2,1,High,53.0
31,3.1,5.7,0.4,2.3,55,197,1.4,10.0,6.4,113,3,9,Low,93.9
36,1.4,1.3,1.7,4.4,27,316,2.7,5.3,7.3,115,3,3,Moderate,82.7
22,5.6,6.2,2.1,4.1,52,320,0.7,5.7,6.1,117,5,2,Moderate,74.6
19,11.6,4.7,4.7,1.3,170,125,0.7,7.3,6.6,13,1,10,Moderate,72.1
16,4.0,7.6,6.0,1.4,102,156,4.7,8.0,1.7,113,9,6,Moderate,59.0
20,11.1,0.3,1.4,1.7,112,209,4.0,5.7,2.1,65,8,8,Moderate,58.8
38,15.5,2.1,5.2,2.5,133,147,0.9,9.3,1.7,33,8,2,High,47.8
41,2.4,4.8,5.0,1.4,19,66,2.0,6.9,6.1,98,3,4,Low,84.6
25,11.1,2.4,1.3,0.1,82,24,1.8,6.2,7.6,100,2,2,Moderate,72.0
37,7.7,5.7,2.4,5.3,196,276,4.0,7.5,5.7,24,1,9,High,69.1
20,14.0,6.1,2.5,5.8,40,319,2.6,9.7,7.1,111,6,10,Moderate,73.6
19,3.7,0.8,5.9,2.0,165,169,0.6,8.6,5.1,53,10,2,Moderate,69.4
17,11.4,4.1,1.1,2.0,69,313,3.7,3.3,3.1,78,1,10,Moderate,66.2
35,13.6,4.1,4.8,0.0,140,262,2.0,5.3,3.4,11,5,2,High,46.0
25,15.2,3.0,2.0,4.1,127,294,1.3,6.3,0.6,8,9,5,High,39.8
41,11.2,7.5,4.4,5.0,192,227,1.9,5.2,0.3,30,9,5,High,35.1
34,8.5,6.6,2.5,0.9,23,134,2.5,7.9,5.6,77,4,7,Low,79.8
41,10.3,5.6,3.5,1.0,195,214,1.7,8.8,3.5,92,7,1,High,54.0
16,14.0,5.7,5.0,4.7,152,189,1.2,8.1,4.4,52,7,2,High,53.5
39,9.6,3.7,4.8,3.7,11,101,2.0,9.9,4.5,111,4,6,Moderate,80.0
20,1.5,7.4,5.2,0.3,33,173,0.1,4.9,2.2,42,5,2,Moderate,63.4
28,15.0,5.6,0.4,3.7,73,160,3.9,9.1,3.8,37,9,4,High,46.3
19,11.3,5.8,4.2,1.9,109,333,0.9,8.4,3.8,41,7,10,Moderate,69.1
31,11.1,6.9,0.8,2.2,123,165,0.2,5.5,3.1,71,7,6,Moderate,57.6
39,4.2,2.2,2.5,4.6,33,342,3.3,8.1,6.6,47,10,7,Moderate,78.4
31,10.9,6.5,3.3,4.9,164,141,3.9,3.7,3.6,66,7,10,High,54.0
38,6.9,1.6,2.4,2.4,174,271,4.1,8.5,4.8,65,9,5,Moderate,65.3
17,10.8,2.8,3.1,5.7,100,330,2.5,6.7,7.2,15,5,8,Moderate,70.8
32,2.6,2.7,6.0,2.4,176,108,1.0,5.0,6.9,82,6,6,Moderate,78.7
43,10.9,7.8,0.8,4.6,35,77,3.7,7.6,7.1,93,3,5,Moderate,69.2
42,16.0,6.9,4.1,2.9,74,82,3.5,7.5,2.2,104,1,4,High,52.9
35,1.7,5.6,2.4,5.4,129,327,1.2,4.5,0.3,15,2,6,High,61.1
39,15.7,5.8,0.8,5.4,13,299,4.5,3.2,2.1,30,8,6,High,35.8
27,7.1,4.5,1.0,0.5,166,91,0.5,6.0,2.2,117,1,6,Moderate,70.2
33,14.1,7.6,5.7,5.6,10,28,4.9,7.0,7.3,57,10,1,High,42.7
18,12.7,4.0,5.3,5.0,59,113,4.3,9.1,5.2,27,7,6,Moderate,60.4
43,9.5,3.0,5.4,4.7,119,171,3.4,9.5,0.7,3,5,1,High,49.4
16,12.1,1.3,5.9,1.2,148,59,4.7,6.7,1.1,9,6,5,High,46.0
16,14.2,6.3,1.2,4.8,83,81,3.6,8.3,1.2,50,8,7,High,49.8
44,7.1,5.9,2.1,5.1,196,273,1.0,6.1,5.0,108,4,1,High,64.9
34,5.9,3.1,4.0,1.7,71,88,2.2,8.2,5.9,17,6,1,Moderate,69.9
26,11.0,0.2,2.9,5.7,90,264,0.4,4.4,6.9,46,3,6,Moderate,74.2
20,13.1,6.7,2.5,0.3,173,189,1.9,5.6,7.5,31,7,7,Moderate,53.7
27,12.4,0.1,2.1,0.9,65,197,3.7,7.4,1.6,29,2,6,Moderate,62.6
18,13.0,5.6,3.6,3.2,120,208,1.9,3.1,2.5,35,8,5,High,41.8
16,7.5,7.8,3.5,3.5,30,279,1.7,8.1,1.9,8,7,6,Moderate,58.6
16,13.3,3.5,1.0,3.9,150,91,3.0,8.8,2.9,35,8,3,High,48.3
23,2.8,1.9,2.8,0.1,18,36,4.4,5.8,7.3,28,2,9,Low,84.5
25,9.2,5.6,3.3,5.8,148,76,0.2,6.1,4.6,15,3,5,Moderate,63.1
26,1.1,6.5,3.4,0.3,79,237,1.9,9.0,5.9,91,4,2,Moderate,79.8
27,5.9,4.4,1.3,0.9,138,126,0.8,8.4,3.9,20,9,10,Low,71.0
44,6.5,7.7,4.5,0.1,127,323,3.5,5.0,0.2,63,5,10,High,61.3
28,6.9,0.4,0.2,3.4,65,192,0.5,5.3,0.5,110,6,7,Moderate,72.0
27,11.4,4.0,2.1,5.6,40,238,3.3,7.8,4.3,119,1,3,Moderate,69.0
29,6.8,5.7,4.7,4.0,46,266,1.4,6.9,5.8,65,4,1,Moderate,75.3
17,7.7,6.9,3.4,4.9,184,237,1.0,4.1,1.7,58,4,3,High,55.2
44,4.6,1.4,1.6,0.1,100,50,4.7,5.2,5.8,109,10,9,Moderate,71.7
34,6.6,6.4,4.2,3.3,123,66,0.1,9.3,6.5,98,8,5,Moderate,72.3
33,4.4,4.4,3.4,2.8,137,153,2.2,7.8,3.3,117,8,7,Moderate,72.8
18,2.1,3.2,4.8,3.0,184,127,0.1,9.9,6.0,27,10,3,Moderate,66.0
38,10.1,1.1,4.4,0.4,131,91,2.4,8.4,3.2,54,6,4,Moderate,66.5
32,11.0,6.9,3.7,4.1,78,346,2.5,9.6,5.4,99,8,1,High,57.1
41,10.3,1.3,2.9,3.0,195,127,1.6,4.5,6.1,30,9,3,High,52.1
23,8.0,2.5,0.8,4.6,45,328,0.7,8.4,7.9,32,5,7,Low,84.5
44,6.7,2.3,1.6,2.9,41,291,1.9,3.1,2.8,86,1,4,Moderate,70.5
41,14.0,7.0,2.5,0.9,73,190,3.4,7.7,3.3,59,1,2,High,55.4
25,8.8,5.4,3.6,3.9,179,135,3.9,6.3,1.3,40,2,5,High,54.2
41,8.2,6.4,3.1,1.0,57,348,2.7,5.4,1.6,80,2,5,Moderate,63.9
17,1.4,2.0,1.7,5.2,90,93,2.9,9.0,5.5,45,5,2,Moderate,79.0
34,6.1,5.0,0.0,3.7,167,275,1.0,9.0,7.3,48,7,6,Moderate,74.7
24,6.7,4.6,3.0,0.9,158,100,1.4,3.2,3.2,64,7,10,Moderate,66.6
22,7.0,6.7,1.7,5.8,69,287,0.8,7.3,1.4,41,4,4,Moderate,67.0
19,9.7,7.2,4.4,3.1,150,147,1.2,5.6,2.3,22,4,1,High,48.9
41,9.0,0.1,0.1,0.4,10,345,1.1,5.9,3.6,111,10,3,Moderate,62.8
36,10.1,5.4,3.5,3.8,74,254,2.6,8.8,2.3,26,3,9,Moderate,69.3
33,12.5,0.4,5.6,1.5,42,60,2.8,5.2,1.9,88,2,10,Moderate,71.9
28,13.2,4.4,1.0,4.8,47,200,4.7,9.6,5.9,31,3,7,Moderate,68.2
26,11.8,2.3,2.8,4.9,34,176,1.0,4.3,0.1,82,8,6,High,56.7
44,15.3,2.5,0.5,5.9,163,78,3.2,7.6,4.3,87,1,1,Moderate,56.5
39,1.3,2.8,3.8,3.0,68,268,4.1,7.7,6.4,2,4,9,Moderate,82.9
19,3.9,5.0,3.3,2.7,170,211,2.8,4.8,2.1,59,7,9,Moderate,66.1
40,1.1,2.7,2.4,4.5,110,43,1.3,5.3,4.8,75,5,1,Moderate,74.1
36,10.7,5.9,3.1,0.8,136,99,1.3,8.8,5.4,98,2,6,Moderate,74.0
44,14.5,3.2,5.4,3.3,50,153,0.2,8.3,5.2,78,1,7,Moderate,78.4
40,4.7,0.5,1.2,3.3,167,232,1.5,5.3,3.6,16,6,2,Moderate,61.3
19,14.9,6.3,0.1,0.5,66,185,3.7,6.7,2.8,113,5,10,Moderate,62.0
25,1.9,2.3,5.2,2.5,186,90,0.2,3.4,6.7,31,3,8,Moderate,78.2
20,15.0,3.5,3.5,5.1,57,233,1.1,4.5,6.1,6,9,8,High,54.6
24,6.3,5.5,5.3,5.1,81,84,3.5,6.4,2.6,82,3,6,High,70.8
39,2.5,2.7,3.6,0.6,186,240,3.9,3.6,0.8,70,2,9,Moderate,67.7
18,8.3,0.5,4.9,0.5,184,327,2.3,8.9,0.6,68,5,3,High,63.0
32,4.9,3.0,2.6,1.6,65,305,3.5,8.0,0.8,57,9,2,Moderate,60.5
18,5.3,7.6,4.5,5.2,74,204,1.9,9.6,4.7,39,8,2,High,62.9
31,5.6,5.1,5.5,0.8,21,226,0.8,7.9,0.4,84,6,6,Moderate,73.5
19,13.0,5.4,3.4,4.3,78,118,2.0,9.6,2.7,111,3,7,Moderate,68.9
33,9.1,5.1,1.1,0.6,143,261,2.9,6.9,6.0,47,6,6,Moderate,67.1
32,5.7,1.6,1.6,3.7,98,177,4.7,7.2,2.4,50,5,3,Moderate,66.8
22,10.2,3.3,1.2,2.1,34,117,0.3,9.8,6.1,56,1,5,Low,82.7
39,11.7,6.0,1.5,4.7,10,61,2.5,7.5,6.0,110,5,8,Moderate,75.5
38,5.1,0.8,1.8,1.4,169,158,1.6,3.2,2.0,70,7,6,Moderate,63.6
20,7.2,2.2,3.3,3.8,140,302,2.5,8.1,5.8,36,9,2,Moderate,63.4
27,2.8,2.2,3.5,1.4,58,246,0.1,9.3,6.0,86,1,7,Low,96.8
32,3.7,3.5,2.6,4.3,156,91,1.6,8.6,3.2,74,3,8,Moderate,84.7
38,11.2,7.8,3.7,5.2,69,262,4.1,7.1,1.7,73,8,4,High,48.0
28,3.7,0.5,0.5,0.8,166,37,2.8,7.7,4.2,84,6,1,Low,70.9
38,8.9,4.1,0.5,5.2,187,96,2.3,9.9,7.4,54,5,2,Moderate,67.2
40,11.6,1.4,1.0,3.6,11,64,1.4,3.6,5.1,40,10,4,Moderate,55.2
18,2.6,7.8,3.1,0.8,82,159,1.5,7.7,1.4,96,2,7,Moderate,76.4
24,9.5,0.9,1.3,2.6,193,196,1.9,5.0,5.5,19,3,2,Moderate,59.6
32,4.8,3.2,1.7,1.0,154,241,4.2,7.5,3.4,32,2,6,Moderate,71.0
32,15.4,5.9,2.4,4.2,197,111,4.8,7.3,4.7,39,1,2,High,44.9
35,8.3,5.6,4.9,4.6,119,41,2.2,4.1,5.9,98,7,7,High,65.8
31,13.1,3.4,0.1,0.6,173,191,2.0,4.4,4.1,33,3,2,High,51.1
40,9.3,2.8,3.9,3.0,70,111,4.2,7.4,6.5,61,7,3,Moderate,67.7
37,1.7,3.2,4.0,4.9,26,211,2.1,3.9,5.8,99,7,9,Moderate,81.9
28,10.5,2.1,4.8,5.6,58,96,2.8,4.9,4.9,90,8,4,High,62.7
42,15.3,1.6,5.6,3.1,85,300,1.2,8.8,1.2,18,1,5,Moderate,59.5
34,10.0,3.9,0.1,5.7,197,198,3.7,5.3,6.7,42,5,9,Moderate,65.8
32,13.3,2.1,0.9,3.2,157,257,2.7,6.4,7.5,68,10,7,Moderate,59.4
19,14.3,2.3,5.3,2.4,187,154,4.0,9.6,1.1,62,9,8,High,50.4
27,4.4,5.3,2.8,5.1,140,299,3.9,4.6,3.9,92,7,3,High,58.7
44,4.2,7.7,3.4,3.0,52,38,1.1,5.7,2.1,119,1,4,Moderate,71.5
24,10.2,4.8,4.0,2.8,66,102,3.6,7.2,6.0,9,8,7,Moderate,60.8
34,7.2,0.6,4.1,2.9,59,247,4.0,8.3,5.8,119,3,4,Moderate,81.3
27,13.6,0.6,5.6,5.1,187,284,1.7,9.3,1.1,118,4,2,High,57.6
24,14.5,7.6,6.0,5.0,46,131,0.9,9.4,7.0,103,4,10,Moderate,77.8
22,6.3,2.4,4.3,2.4,55,270,0.0,8.4,1.4,12,10,6,Moderate,63.3
43,4.6,0.7,1.7,2.0,179,183,2.3,4.6,6.4,92,8,9,Moderate,75.8
29,12.7,4.8,5.3,3.0,24,187,1.8,3.2,3.7,4,1,2,High,48.5
35,5.1,5.0,0.3,3.4,170,240,2.8,5.7,2.6,57,8,1,Moderate,52.9
34,13.3,5.2,1.4,1.4,89,323,0.9,4.0,1.3,58,9,8,High,50.6
41,7.4,2.1,5.4,4.8,148,210,4.3,8.0,1.3,75,9,1,High,52.4
30,11.0,0.1,1.5,2.9,157,344,1.3,7.6,5.3,58,5,1,Moderate,67.6
31,2.4,7.7,1.3,2.0,33,189,1.1,3.3,4.4,76,4,3,Moderate,70.2
36,10.4,2.0,0.8,0.6,134,64,2.4,8.9,1.0,85,4,5,Moderate,67.9
20,7.8,5.4,5.2,1.4,127,33,2.5,4.7,0.9,103,9,9,High,56.0
18,9.8,5.7,3.0,5.7,89,250,1.1,6.0,0.6,14,8,10,High,55.9
27,3.5,4.9,4.0,1.8,103,176,1.4,7.7,6.0,76,10,2,Moderate,69.6
40,12.1,2.5,1.4,1.0,74,153,0.8,6.0,5.7,0,10,1,Moderate,48.8
35,13.9,2.2,4.5,2.8,97,56,3.6,6.1,0.5,117,7,1,High,45.0
42,4.3,4.8,4.6,1.8,97,72,3.9,3.5,4.5,37,3,8,Moderate,70.8
36,2.4,6.9,1.9,0.2,154,37,2.3,5.8,0.7,106,4,10,Moderate,71.9
19,1.4,7.6,2.5,1.9,135,57,3.6,8.4,7.2,108,9,10,Moderate,74.1
36,10.6,0.8,1.3,3.3,98,206,3.7,9.4,7.3,52,8,10,Moderate,75.1
38,10.1,1.2,5.9,3.3,70,215,0.7,5.9,5.6,51,1,2,Moderate,73.5
31,9.2,7.6,3.9,2.1,24,262,4.8,6.0,7.4,0,3,9,High,63.7
40,4.5,5.9,5.6,2.7,103,319,4.1,7.9,6.5,10,10,9,High,65.3
22,6.9,7.1,1.8,5.8,60,322,1.0,9.6,6.6,57,2,2,Moderate,77.0
28,9.9,1.6,4.7,2.3,36,54,0.9,4.9,4.6,106,2,3,Moderate,73.7
36,8.5,4.7,4.6,1.5,83,234,0.6,6.1,2.4,39,8,2,Moderate,55.4
25,15.8,5.6,4.1,1.5,70,238,0.7,8.6,1.7,85,6,6,Moderate,59.3
41,3.0,5.4,5.8,2.7,195,335,3.7,7.3,2.6,98,6,7,High,67.5
22,11.4,3.3,2.4,4.6,40,109,2.3,3.8,5.0,59,4,6,Moderate,69.8
29,7.1,0.1,0.8,1.2,21,327,3.9,7.4,1.4,114,1,3,Moderate,70.6
41,7.4,4.7,4.0,4.3,55,271,3.7,4.3,2.1,43,7,3,High,53.0
20,11.8,2.0,4.4,0.1,168,27,3.0,6.6,3.7,5,8,2,High,44.8
18,11.4,3.6,3.5,2.5,41,275,3.4,6.7,1.9,27,2,2,High,56.0
38,15.9,7.7,1.2,4.7,169,227,0.1,9.1,4.7,30,2,5,Moderate,55.1
44,2.9,3.2,3.0,2.0,190,150,1.6,6.2,7.4,118,1,8,Low,85.4
26,2.6,6.7,1.9,3.4,70,243,3.2,5.0,6.0,7,4,6,Moderate,69.6
26,11.9,1.5,2.6,1.2,55,216,0.0,4.6,5.3,4,6,9,Moderate,67.8
33,9.7,5.4,3.9,4.5,94,161,0.2,9.1,4.7,105,5,5,Moderate,74.1
30,5.1,7.8,4.5,0.3,89,271,4.3,4.2,3.9,53,4,10,High,70.2
27,2.2,0.8,1.4,5.1,144,115,3.4,6.0,1.5,111,4,4,Moderate,70.5
24,2.3,0.1,2.4,1.2,13,45,1.3,4.3,7.2,107,10,9,Low,80.5
25,14.4,3.5,1.6,5.2,61,130,3.4,8.4,2.0,16,7,10,Moderate,58.2
41,3.9,0.7,1.2,2.1,168,142,4.0,6.3,0.7,37,7,5,Moderate,59.1
27,5.9,6.0,4.7,4.3,121,205,1.5,5.5,6.0,8,2,1,High,62.3
32,4.4,7.3,5.5,1.9,45,187,0.2,5.5,1.4,73,7,5,Moderate,65.8
44,6.3,3.5,2.2,5.4,191,70,4.7,9.0,3.0,83,2,5,Moderate,68.3
21,2.0,2.1,4.5,0.8,63,24,1.7,6.9,0.2,77,4,5,Low,78.5
22,8.8,3.5,5.4,1.1,128,96,0.5,8.0,1.1,13,1,2,High,59.8
29,2.0,5.8,5.1,3.0,136,179,2.5,9.3,1.4,25,5,6,Moderate,66.5
28,13.0,0.1,1.1,0.5,26,227,3.8,9.3,0.4,92,1,5,Moderate,64.2
23,4.5,4.7,5.7,1.2,84,276,1.1,5.3,5.3,112,4,2,Moderate,76.5
25,9.1,4.9,2.3,5.7,167,224,1.3,9.7,6.7,61,9,10,Moderate,73.6
24,14.2,5.1,2.0,5.9,114,274,1.2,3.2,3.0,90,8,8,High,51.9
33,10.8,1.9,0.4,2.3,159,30,5.0,5.6,7.0,24,6,6,Moderate,58.1
42,9.0,5.7,2.9,5.5,126,27,1.0,9.3,1.7,79,8,10,Moderate,68.6
41,5.9,0.7,0.7,3.3,52,51,2.9,4.9,2.6,35,5,3,Moderate,66.0
17,6.0,1.6,1.5,1.6,121,47,4.6,4.9,1.2,97,7,9,Moderate,64.9
20,11.0,7.0,1.9,4.2,124,225,0.7,5.1,5.0,79,8,4,High,55.5
44,15.9,5.9,4.9,4.0,36,247,4.9,7.3,3.4,32,7,3,High,43.2
20,10.9,0.1,5.3,5.9,46,147,4.7,6.1,4.9,2,4,7,High,65.0
21,9.4,2.0,1.8,1.6,55,274,4.4,8.1,6.1,86,5,8,Low,81.9
34,12.0,1.7,5.2,4.0,122,231,1.1,9.3,4.4,10,10,7,Moderate,59.0
23,8.0,2.2,5.1,0.3,44,258,3.2,7.7,5.0,111,6,1,Moderate,71.2
31,1.9,2.0,4.6,0.7,141,226,3.8,4.4,7.5,57,6,1,High,66.7
28,9.4,0.5,0.9,0.0,89,337,4.9,9.5,2.4,63,9,5,Moderate,59.4
16,15.4,3.7,4.1,6.0,89,302,0.9,4.9,2.9,17,10,8,High,46.5
37,3.6,5.9,5.7,4.8,163,264,3.8,4.0,5.7,46,2,10,High,74.2
35,11.4,4.9,4.1,4.7,130,64,1.7,3.6,4.9,104,6,3,High,55.7
32,4.0,5.4,2.0,3.1,156,124,0.9,6.9,1.4,43,3,8,Moderate,74.7
22,9.0,0.6,3.0,1.8,131,300,2.1,3.8,3.0,92,2,3,Moderate,63.3
40,2.5,7.6,3.9,0.9,90,253,4.0,4.0,3.7,58,6,4,High,59.7
28,7.8,6.7,3.1,1.7,182,208,2.3,5.1,3.4,49,4,10,Moderate,67.4
19,12.3,6.4,0.7,2.3,163,63,2.7,5.0,1.4,68,5,7,High,52.2
19,6.2,6.6,1.9,4.5,159,244,5.0,7.2,7.4,87,5,3,High,64.2
21,11.0,7.5,4.8,3.2,128,161,2.0,8.7,6.1,28,3,4,High,63.6
43,12.9,4.4,5.2,0.5,67,155,3.1,8.3,3.9,92,4,8,Moderate,72.8
34,14.9,1.6,0.8,0.1,72,195,1.8,4.8,5.4,89,3,4,Moderate,66.4
44,4.5,4.9,5.7,0.6,165,161,2.0,4.7,7.2,103,7,9,Moderate,75.1
27,7.0,5.9,2.0,2.5,181,99,3.5,9.8,1.1,66,1,4,High,61.3
37,3.3,5.9,4.0,5.6,109,101,4.7,3.1,2.0,1,6,4,High,46.1
22,15.9,4.2,4.5,3.8,180,154,2.7,9.2,4.3,24,4,5,Moderate,54.6
42,14.9,0.5,4.9,4.8,174,226,3.8,4.4,6.4,18,1,1,High,46.8
25,9.1,3.0,5.7,2.8,75,196,0.4,9.6,0.3,39,1,7,Moderate,72.5
41,13.6,7.4,1.9,2.2,154,262,1.1,5.4,7.9,1,5,9,High,56.6
34,8.8,4.7,5.2,0.7,177,74,2.5,6.1,3.6,82,5,9,Moderate,69.3
22,10.4,4.3,0.8,5.3,175,160,0.1,7.9,2.9,64,10,1,High,50.8
18,2.3,2.2,4.2,4.7,94,75,1.3,7.1,2.3,61,7,6,Moderate,77.7
28,12.3,2.9,4.5,1.0,198,34,2.6,5.2,1.4,90,4,3,High,52.3
28,2.9,7.2,4.1,3.1,146,204,0.1,6.9,6.3,53,9,4,Moderate,67.2
33,13.4,5.3,1.5,2.9,198,333,1.3,8.1,7.6,44,4,8,Moderate,69.5
43,12.7,6.3,5.2,3.8,153,107,2.6,3.3,3.3,118,7,4,High,44.4
41,11.6,3.6,1.0,5.7,132,116,2.9,3.1,7.6,115,5,8,Moderate,65.5
35,1.5,5.0,0.3,3.5,11,163,4.6,6.2,6.6,48,5,4,Moderate,73.9
43,5.5,2.0,4.3,3.2,115,27,3.2,3.9,3.8,98,6,9,Moderate,74.0
23,4.9,5.6,2.9,0.3,117,234,2.1,7.7,5.4,104,8,6,Moderate,73.9
44,6.4,3.4,5.1,0.4,81,192,4.7,4.5,3.5,68,5,1,High,59.9
24,2.3,3.5,2.3,1.1,180,242,3.9,6.0,4.5,37,3,10,Moderate,77.0
22,15.1,5.2,1.0,0.2,135,59,1.0,4.4,0.5,3,6,2,High,33.5
16,9.3,7.5,5.0,4.5,179,201,0.7,6.8,5.6,16,2,7,Moderate,65.0
18,5.6,0.5,3.3,4.3,66,289,3.4,3.8,0.4,52,8,10,High,65.2
28,7.0,6.6,1.1,0.8,90,206,2.8,3.2,6.5,84,8,7,Moderate,62.9
43,7.7,2.3,4.3,5.0,167,264,3.9,3.4,6.6,52,3,3,High,63.4
40,10.0,3.6,3.1,0.9,150,328,3.7,9.7,1.9,111,8,1,High,50.5
43,8.7,0.2,3.6,1.8,28,250,3.1,4.0,2.6,30,9,8,Moderate,58.5
32,14.8,2.4,2.8,1.5,16,174,4.9,8.0,3.9,111,5,10,Moderate,71.2
40,8.5,4.0,5.0,2.2,146,194,2.7,3.5,4.8,21,5,10,Moderate,64.8
39,15.9,0.4,5.0,1.5,63,134,0.6,3.8,2.3,10,6,7,Moderate,51.7
16,13.8,3.9,4.3,2.9,113,330,4.1,6.6,4.7,33,7,10,High,59.7
21,4.1,7.4,0.6,2.4,95,319,1.3,6.3,2.4,112,3,8,Moderate,77.3
36,15.0,0.8,5.0,5.9,91,37,3.9,9.7,0.4,14,5,1,High,44.0
21,2.7,6.1,4.0,0.3,70,291,4.8,9.6,0.0,113,1,3,Moderate,64.8
41,13.3,3.3,4.2,0.9,96,31,3.5,8.5,0.8,9,10,2,High,36.7
27,6.7,5.2,2.2,0.3,11,320,3.0,7.2,6.3,101,5,1,Moderate,72.1
28,14.2,2.1,5.3,3.8,187,211,2.3,6.2,7.7,95,4,5,Moderate,66.0
28,14.0,1.3,4.4,0.3,40,251,1.8,5.5,3.4,52,1,3,Moderate,63.5
44,13.1,1.3,0.7,5.0,42,112,1.8,9.6,4.1,47,7,10,Moderate,75.0
30,12.9,0.6,2.4,3.1,89,237,3.2,7.2,1.2,30,1,8,Moderate,63.6
36,5.6,1.5,5.3,3.2,20,297,3.8,7.1,4.4,36,8,6,Moderate,71.4
31,2.2,5.3,0.3,3.4,170,322,3.4,4.6,1.2,107,10,10,High,57.8
37,7.0,7.1,5.8,1.0,137,48,1.0,3.3,4.9,27,2,9,Moderate,67.5
36,3.6,6.5,4.1,1.2,144,320,2.5,9.6,7.5,30,10,9,Moderate,69.5
26,11.4,5.5,3.8,1.9,137,96,4.0,5.2,1.6,69,5,6,High,52.9
43,6.2,0.9,1.6,3.6,40,28,2.4,6.1,6.1,13,6,2,Moderate,69.1
20,15.6,2.3,1.5,1.3,185,43,2.7,3.8,0.2,86,9,9,High,42.5
19,10.6,2.5,5.7,0.7,135,34,3.9,8.9,3.0,15,7,2,High,50.5
18,13.3,2.0,1.8,5.8,56,183,3.3,3.2,0.9,24,6,3,High,43.4
34,3.0,4.1,4.7,0.1,190,32,2.0,8.8,2.8,38,5,6,Moderate,72.1
35,13.9,4.3,2.4,4.8,116,191,4.5,4.0,1.4,65,6,2,High,40.2
40,14.8,2.9,0.8,4.7,28,346,0.8,9.2,3.0,37,4,5,Moderate,67.5
33,8.3,2.8,0.1,1.8,90,219,5.0,8.1,3.3,40,1,2,Moderate,63.9
30,10.1,6.6,3.3,0.8,132,95,0.6,4.2,2.4,102,9,4,High,48.0
24,12.5,6.3,5.9,0.9,143,183,0.1,7.0,5.3,97,5,3,High,62.2
32,3.6,2.5,2.2,4.2,116,80,4.5,5.2,7.4,114,8,5,Moderate,69.9
29,8.5,7.3,2.1,3.9,58,264,1.2,4.2,3.2,39,7,6,Moderate,58.1
30,7.0,7.6,2.1,4.7,82,174,3.6,9.0,1.5,106,8,7,High,60.8
16,3.2,2.6,3.1,5.6,59,276,4.1,5.8,2.2,63,1,10,Moderate,82.4
36,6.5,2.8,2.6,4.2,90,263,4.3,5.8,6.8,88,9,8,High,71.0
37,2.0,4.0,5.3,0.9,104,181,5.0,4.2,4.6,99,1,9,Moderate,76.4
37,1.4,7.5,3.0,1.5,21,87,1.5,5.7,3.6,15,3,4,Low,67.6
18,3.0,7.0,3.0,5.1,32,296,3.6,9.1,1.2,81,8,4,High,62.7
31,15.4,0.8,0.8,1.3,63,180,0.6,5.5,3.6,76,1,7,Low,69.9
38,9.2,3.1,5.9,0.4,127,278,2.0,9.7,2.2,58,1,10,Moderate,78.8
40,15.5,4.4,1.5,4.2,68,326,4.2,9.6,7.5,100,6,10,Moderate,69.8
26,7.5,4.0,0.4,2.4,173,114,1.8,4.0,7.1,90,5,9,Moderate,74.5
27,5.7,1.6,4.0,5.5,12,265,3.0,4.2,0.7,97,6,2,High,61.2
25,8.6,6.9,3.6,3.9,67,240,2.5,9.0,4.1,10,3,6,Moderate,66.6
31,7.6,5.4,2.5,0.5,192,142,3.2,5.7,1.8,0,10,10,High,46.0
23,2.6,6.7,2.5,5.7,66,206,4.9,3.0,3.3,12,10,10,High,51.8
21,10.6,6.9,4.7,1.6,154,281,0.3,4.9,7.0,29,6,8,High,61.7
27,4.2,6.0,1.2,2.0,176,292,2.9,7.2,4.2,68,2,5,Moderate,72.9
39,10.3,3.5,4.9,2.4,99,79,4.3,8.6,2.7,17,8,5,High,52.7
43,10.8,4.9,3.9,0.3,64,144,2.4,3.9,1.7,77,6,8,Moderate,60.1
36,3.3,1.3,2.5,3.0,54,70,0.4,3.8,6.4,12,4,1,Moderate,72.7
23,1.9,5.4,2.7,0.7,10,197,2.8,9.5,5.0,31,4,6,Low,81.0
41,12.7,1.4,1.5,2.4,30,158,1.7,8.3,3.7,70,7,10,Moderate,77.0
43,7.9,5.6,4.5,2.1,30,346,0.8,7.1,1.7,71,3,9,Moderate,78.9
19,1.9,1.8,3.1,4.6,61,189,4.2,8.4,2.7,49,3,6,Moderate,80.8
41,15.9,0.9,1.9,4.8,91,58,2.6,6.0,7.7,70,6,7,Moderate,66.4
23,1.9,1.3,3.6,0.9,180,88,4.7,8.3,4.2,115,9,4,Moderate,65.5
41,11.4,0.0,6.0,2.2,189,255,4.0,5.6,3.2,112,1,10,High,67.5
43,15.8,5.7,2.6,2.2,76,67,3.5,4.7,4.2,79,5,1,High,46.8
33,4.6,5.9,5.5,0.9,122,76,0.0,8.1,6.2,106,1,9,Moderate,90.2
43,3.1,4.1,2.1,4.8,53,296,2.1,5.9,2.7,30,1,6,Moderate,75.2
43,2.8,1.3,0.3,4.2,169,118,1.0,9.9,1.4,50,3,3,Moderate,74.8
20,5.5,0.7,1.2,1.1,19,34,4.6,5.4,4.7,26,3,4,Low,70.7
24,2.5,0.2,2.5,2.2,73,344,0.9,9.5,5.3,59,4,10,Low,99.3
19,11.4,1.3,1.3,0.6,78,198,1.4,9.5,5.7,32,3,6,Low,77.9
42,1.9,7.1,0.0,3.8,77,81,2.6,4.7,7.1,52,6,6,Moderate,72.0
37,8.6,1.9,5.5,0.7,37,138,1.3,8.6,3.0,92,4,9,Low,87.0
32,16.0,2.8,5.1,5.9,190,56,1.0,6.0,0.6,71,8,4,High,44.0
24,13.2,0.8,4.5,4.7,125,153,3.0,9.4,7.7,32,1,5,Moderate,68.8
16,10.2,1.8,1.0,2.3,60,45,0.4,6.2,3.5,40,8,5,Moderate,65.1
36,5.6,4.2,0.7,3.5,190,27,0.3,8.2,5.0,18,1,3,Moderate,70.5
35,10.4,4.9,0.4,5.5,13,23,1.9,6.3,5.3,84,1,2,Moderate,69.5
28,8.9,2.0,4.3,3.3,88,40,3.6,4.6,4.4,40,7,8,Moderate,65.5
43,7.4,0.5,5.6,1.0,26,168,2.8,4.4,1.6,84,1,10,Moderate,77.3
31,3.0,3.1,2.6,2.3,117,44,2.1,6.0,6.0,88,9,9,Moderate,79.3
44,14.3,1.9,0.7,5.1,83,162,2.8,8.3,6.4,41,8,10,Moderate,70.5
28,7.7,1.8,3.1,3.9,184,264,1.8,7.2,4.4,119,1,9,Moderate,81.9
29,3.9,7.7,2.1,3.9,193,62,4.7,7.8,3.9,22,2,5,Moderate,61.1
18,6.5,4.9,2.2,5.2,32,312,0.3,5.0,0.9,74,2,9,Moderate,76.2
44,7.2,4.5,3.7,5.4,27,204,3.4,6.4,0.7,32,2,4,High,61.7
21,13.4,3.3,4.3,5.5,138,61,4.5,3.3,2.7,19,6,2,High,36.4
33,12.0,3.4,0.7,0.6,44,111,4.0,8.7,2.5,24,4,3,Moderate,59.0
34,12.5,4.3,0.2,3.3,73,336,0.9,9.9,7.6,89,8,1,Moderate,63.1
20,1.2,5.6,6.0,4.4,195,343,1.5,5.8,6.3,103,1,5,Moderate,76.4
30,7.2,5.6,1.4,4.5,68,72,3.6,3.1,5.3,51,10,1,High,47.6
40,8.2,1.4,0.3,3.6,10,103,0.4,4.2,4.1,11,4,1,Moderate,63.5
17,1.3,4.0,1.1,1.0,140,53,4.1,7.6,1.3,31,10,7,Moderate,57.2
25,4.9,3.3,0.2,4.8,76,95,3.6,7.3,7.8,32,5,2,Moderate,72.6
39,12.4,7.0,2.4,4.3,46,216,3.6,8.5,3.0,73,9,8,High,57.7
33,3.1,5.1,4.8,0.5,38,305,0.5,4.8,0.9,67,5,6,Moderate,72.8
42,9.0,4.3,2.0,2.8,98,107,3.6,8.3,4.0,14,3,4,Moderate,63.5
28,4.2,0.9,2.7,1.0,170,254,3.4,7.8,7.0,50,4,9,Moderate,87.5
20,1.2,4.8,4.1,2.0,109,251,4.2,5.3,7.1,5,10,10,High,62.8
38,4.6,0.9,3.1,0.1,198,26,0.2,6.8,0.1,90,7,8,Low,70.5
39,15.6,2.7,5.2,2.4,131,311,0.1,4.0,7.1,68,1,10,Moderate,71.5
16,13.0,1.1,5.2,3.3,99,57,1.9,6.2,2.2,68,6,3,High,58.5
37,15.4,5.5,0.1,3.7,141,71,0.7,9.2,0.3,81,8,3,High,45.2
16,8.3,1.7,4.7,4.0,23,162,2.8,5.9,6.8,91,1,4,Moderate,78.8
33,2.6,3.1,2.8,5.0,170,240,4.6,8.9,6.9,34,8,9,Moderate,73.7
30,9.2,7.2,5.9,1.3,159,259,2.0,7.1,4.8,85,7,9,Moderate,67.2
32,7.8,1.6,2.9,0.7,185,162,4.2,4.3,4.6,33,1,5,Moderate,61.4
26,13.7,4.1,5.9,5.1,140,68,0.0,7.1,6.5,62,9,9,High,66.5
36,2.5,3.4,4.5,0.9,94,296,0.8,6.5,6.3,67,3,6,Low,88.7
41,8.3,0.1,1.5,5.8,160,290,0.2,5.8,7.1,17,2,8,Moderate,76.2
40,3.3,6.3,3.2,5.1,30,33,1.6,3.8,4.4,104,7,8,Moderate,73.8
37,5.9,0.6,6.0,3.0,180,317,4.5,5.9,7.7,114,3,10,Moderate,81.5
42,12.1,3.8,5.1,5.9,35,34,0.5,3.5,8.0,25,1,7,Moderate,68.4
42,8.1,4.5,0.6,0.6,50,253,3.0,3.7,0.9,105,10,4,High,48.3
32,6.6,5.0,4.2,1.8,131,82,2.3,5.9,6.8,85,3,4,Moderate,73.8
28,6.9,5.5,2.1,3.8,47,215,4.7,5.1,4.0,110,6,6,Moderate,65.2
16,7.9,2.0,0.0,2.1,97,46,0.6,9.5,3.1,96,3,9,Low,86.5
17,12.8,0.1,2.4,5.6,20,112,1.1,5.6,4.9,60,5,7,Moderate,75.1
24,14.4,5.8,1.4,0.4,38,124,0.1,8.3,0.4,106,9,5,Moderate,52.0
18,15.3,4.3,4.9,3.3,69,328,2.2,6.7,4.1,77,7,5,Moderate,58.3
16,12.8,6.7,2.0,3.5,70,71,1.4,7.9,7.0,94,2,8,Moderate,76.8
36,5.7,6.6,5.0,3.9,156,338,4.3,4.8,1.7,73,1,6,High,59.7
31,11.3,6.7,0.0,1.5,183,200,3.0,9.6,3.4,114,7,1,Moderate,48.6
38,7.6,3.9,1.8,2.2,186,76,3.1,6.7,7.5,87,4,1,Moderate,66.7
21,4.8,2.7,1.4,5.1,31,139,2.7,8.8,3.4,84,7,9,Low,83.6
43,13.6,6.3,1.4,1.2,87,327,0.5,5.6,2.9,47,6,8,Moderate,59.4
32,1.6,3.6,0.4,5.0,122,62,2.2,3.7,3.5,71,7,6,Moderate,68.0
20,14.5,1.5,1.1,3.4,194,154,5.0,7.7,4.2,95,4,1,Moderate,53.4
20,7.9,6.8,3.3,4.6,132,279,4.2,3.1,5.1,30,3,2,High,50.4
21,10.6,7.1,1.7,4.3,151,216,4.5,6.3,6.4,33,5,10,High,63.0
18,10.9,3.7,2.5,1.2,53,152,4.1,4.3,3.6,86,3,3,High,60.0
36,14.4,0.6,2.3,3.4,153,274,0.5,7.4,6.5,88,3,10,Moderate,80.0
38,10.6,3.1,5.3,5.2,106,239,1.1,9.9,4.3,6,4,3,High,65.4
20,10.2,6.4,5.4,2.6,86,60,0.0,6.3,2.7,82,8,2,High,54.3
36,2.0,7.2,3.0,5.8,149,274,1.5,8.7,5.3,6,2,2,High,66.8
20,8.8,1.6,2.0,2.7,64,21,0.5,6.6,5.7,46,4,6,Low,82.6
25,3.3,0.5,0.6,0.9,60,214,2.4,6.5,4.5,7,3,7,Low,80.2
25,12.1,7.0,5.7,2.3,111,261,3.4,9.5,0.5,77,7,4,High,48.5
34,8.7,3.1,0.4,5.7,176,168,4.4,9.2,1.4,0,2,1,High,48.5
32,11.2,4.3,1.8,1.9,170,217,3.7,8.5,2.3,76,1,6,Moderate,62.9
36,1.6,7.7,1.8,5.2,170,318,4.7,5.1,2.3,2,10,7,High,41.6
29,2.3,0.5,1.9,5.3,38,264,0.3,6.8,5.4,52,1,4,Low,88.2
24,11.7,5.2,1.0,2.1,78,127,0.1,4.6,0.1,91,6,6,High,55.7
29,2.1,0.6,4.7,0.5,168,231,3.3,6.1,6.0,37,3,9,Moderate,82.8
16,2.1,3.0,0.7,4.3,89,175,1.4,6.4,2.1,50,7,4,Moderate,70.2
34,1.2,6.4,3.8,1.9,40,45,1.3,8.8,2.5,14,8,10,Moderate,72.9
28,15.3,3.5,0.7,4.7,121,101,1.7,9.3,4.2,99,5,4,Moderate,63.2
28,12.1,8.0,0.4,2.7,55,102,1.3,5.9,1.7,116,5,10,Moderate,65.2
19,6.3,4.5,5.5,2.9,106,150,2.6,3.1,7.1,66,2,5,Moderate,71.5
16,5.4,2.6,1.1,4.7,61,348,2.2,9.0,0.7,63,8,3,Moderate,67.0
32,6.2,1.8,4.9,2.3,147,119,2.6,4.2,3.6,67,10,10,Moderate,66.2
23,12.6,2.8,3.3,2.7,83,275,3.4,7.4,6.8,4,1,2,High,59.9
17,10.9,3.0,0.5,2.3,50,68,1.9,3.2,4.9,113,10,9,Moderate,63.0
43,3.8,0.5,5.7,2.2,86,82,1.3,5.8,2.3,89,9,1,Moderate,64.3
23,3.6,3.0,1.5,3.2,140,330,0.8,9.9,3.4,88,1,5,Low,83.3
22,2.5,3.7,5.2,4.9,196,309,1.7,3.7,5.7,9,1,5,High,66.4
41,10.9,5.8,1.0,2.2,123,124,3.7,6.0,7.8,7,1,8,High,61.9
41,12.5,5.3,5.1,3.1,61,124,3.8,5.2,7.1,11,7,6,High,53.2
17,5.0,5.7,0.1,4.0,171,344,3.3,9.3,2.7,63,4,6,Moderate,71.7
37,1.3,0.1,3.1,1.6,186,34,1.2,9.1,8.0,117,7,6,Low,82.8
37,2.2,1.7,4.6,1.7,165,194,2.9,4.7,0.0,58,5,4,Moderate,62.5
18,15.5,5.3,5.6,5.6,96,278,2.9,3.6,0.2,66,7,1,High,33.8
42,5.4,3.9,5.5,4.3,118,230,2.4,7.4,6.6,90,10,3,Moderate,67.2
33,12.5,0.0,4.9,3.5,150,278,2.7,5.4,1.6,49,7,10,High,59.2
27,10.4,6.4,5.3,3.9,78,121,2.5,7.7,0.5,22,4,6,High,58.1
16,6.7,6.2,1.2,0.2,129,279,2.8,3.2,1.9,39,2,5,High,55.6
37,4.1,4.4,1.7,3.7,76,178,3.6,3.9,3.4,96,8,10,Moderate,70.3
27,2.8,0.5,1.7,3.1,70,64,0.5,7.8,5.8,77,2,1,Low,86.7
20,10.2,6.1,2.3,3.3,197,320,3.7,4.5,5.0,117,9,5,High,47.3
42,12.6,4.7,2.4,2.2,80,270,0.7,9.0,1.9,86,5,2,Moderate,61.4
40,10.7,6.3,3.3,0.5,161,184,0.3,3.4,4.0,94,9,1,High,43.2
32,9.0,6.0,1.0,1.2,198,212,4.9,4.5,7.4,76,9,4,High,47.3
31,1.6,6.4,4.1,5.7,160,28,4.8,10.0,6.5,75,8,6,High,68.3
30,15.5,4.1,1.0,2.5,39,84,0.3,6.0,2.6,98,8,7,Moderate,58.3
38,13.0,1.1,1.9,2.8,197,301,2.2,7.9,7.9,17,4,9,Moderate,70.6
30,5.4,5.4,3.0,0.3,155,200,0.9,4.3,5.7,20,4,5,Moderate,68.1
20,15.7,5.0,4.8,0.2,105,301,2.4,7.3,0.5,108,2,8,Moderate,59.0
36,10.0,5.9,4.4,4.3,65,298,4.2,8.1,0.3,110,4,8,High,65.6
29,9.7,1.4,3.9,3.2,62,49,4.8,5.2,1.3,105,4,9,Moderate,68.8
17,12.2,1.6,0.9,3.1,16,285,3.2,8.8,5.8,0,6,3,High,61.4
26,13.2,7.1,3.3,1.5,106,347,1.8,7.2,1.5,37,3,3,High,51.6
34,10.8,6.0,0.5,4.5,122,236,3.0,5.7,4.1,40,2,9,High,65.3
22,2.9,7.3,2.3,1.0,134,339,1.6,6.9,0.7,41,8,7,Moderate,60.5
21,6.1,6.1,2.5,1.1,189,124,4.5,7.0,7.4,110,2,4,Moderate,67.7
43,14.9,4.8,0.2,2.8,141,203,4.4,4.2,2.8,8,8,1,High,26.8
17,4.4,5.2,1.6,1.7,171,349,2.8,5.8,7.3,22,7,7,Moderate,66.4
21,6.6,7.1,5.7,1.5,170,167,1.6,5.4,7.6,77,3,10,Moderate,78.0
33,7.5,4.6,5.7,3.9,130,124,1.5,5.8,0.0,10,6,6,High,53.9
17,7.6,5.1,2.1,3.9,47,66,0.2,8.3,3.7,70,6,3,Moderate,72.8
33,10.2,1.3,0.3,4.9,131,106,4.1,6.4,0.2,30,10,5,High,43.6
30,15.1,3.8,1.1,2.5,35,328,2.3,9.6,7.3,87,5,3,Moderate,67.5
42,4.6,5.7,2.4,0.4,138,148,1.6,5.1,4.1,25,8,8,Moderate,64.1
34,2.8,2.2,5.7,1.6,13,277,2.4,5.9,0.6,29,5,5,Moderate,69.8
17,4.0,1.6,0.8,5.9,48,333,4.1,8.5,0.9,33,7,10,Moderate,75.5
35,14.3,2.5,4.6,3.6,63,166,0.6,6.8,3.1,45,6,10,Moderate,70.7
40,10.7,1.9,0.7,4.3,170,91,4.3,6.8,7.5,101,7,6,Moderate,65.0
21,5.3,1.7,5.9,0.0,42,159,4.5,3.4,5.5,68,9,2,Moderate,60.8
16,13.2,3.4,2.3,3.1,29,46,4.7,5.8,6.9,4,3,8,Moderate,62.9
39,13.9,7.3,4.7,0.2,25,48,2.0,4.9,2.9,60,10,9,High,51.3
30,13.7,4.1,2.1,3.4,158,290,1.1,10.0,0.3,82,7,3,High,50.8
43,14.8,1.5,3.8,5.5,182,193,1.9,5.2,7.8,114,10,6,High,53.8
38,4.8,0.6,1.2,5.8,136,272,1.7,9.2,0.1,37,3,6,Moderate,73.8
25,12.3,5.6,0.9,3.2,96,79,0.9,7.7,7.6,27,2,2,Moderate,64.3
34,7.9,3.1,5.6,2.7,91,126,3.0,5.4,2.9,25,7,10,Moderate,65.8
32,13.6,6.6,5.5,5.7,71,239,2.4,6.8,0.1,60,4,8,High,59.7
20,11.9,5.3,5.3,4.0,40,278,4.3,8.9,5.5,105,1,5,High,70.1
44,12.6,6.4,3.8,0.4,51,165,0.2,9.2,7.8,22,6,8,Moderate,69.8
19,10.8,2.2,4.8,2.8,21,71,3.2,4.1,7.7,45,6,8,Moderate,70.0
25,3.7,5.5,0.4,1.4,74,79,3.8,5.4,1.3,112,6,3,Moderate,60.9
39,9.2,2.1,2.0,2.8,82,53,3.8,5.3,1.4,29,2,5,Moderate,60.1
32,15.8,7.5,1.9,2.7,140,115,4.4,3.3,4.5,66,1,7,High,47.8
25,15.1,5.1,3.8,3.5,124,108,3.6,7.2,5.1,91,3,5,High,60.9
32,1.6,2.6,2.1,2.1,146,335,4.6,9.0,5.9,32,2,6,Moderate,78.7
43,3.5,2.2,0.9,1.0,115,250,1.7,5.7,1.4,105,6,2,Moderate,67.2
35,3.0,1.5,3.6,3.0,188,294,2.5,8.2,7.7,2,6,8,Moderate,76.4
39,11.9,5.6,4.9,5.0,25,265,0.1,7.4,5.1,68,5,5,Moderate,72.2
20,13.3,1.7,2.3,4.0,87,130,0.0,5.6,6.8,82,10,6,Moderate,63.4
17,4.2,4.8,0.8,2.0,134,253,1.2,4.0,4.3,41,10,1,Moderate,53.1
21,8.6,2.1,1.2,5.6,140,297,0.5,8.0,3.3,61,5,10,Moderate,83.0
36,13.6,5.3,1.4,5.5,161,185,1.3,9.0,7.8,57,9,2,High,54.1
17,12.0,6.5,1.8,1.3,150,147,0.9,7.8,4.7,56,5,4,Moderate,63.7
28,9.1,6.2,3.9,0.2,139,256,0.1,3.1,6.9,111,10,9,High,60.3
26,9.9,6.1,3.6,4.4,121,310,4.5,4.5,7.6,0,6,6,High,50.5
26,8.6,1.5,4.2,5.0,136,126,0.0,3.5,5.4,101,4,8,Moderate,77.6
31,5.5,0.7,2.2,5.8,30,147,3.7,7.0,4.4,72,10,2,Moderate,65.1
26,9.5,5.6,4.9,5.3,156,214,0.8,8.3,0.0,59,1,10,High,70.9
34,11.3,2.9,1.2,3.6,98,162,4.6,3.8,0.3,68,4,5,High,52.8
30,14.1,3.5,2.8,3.2,56,130,4.5,8.9,1.6,58,2,1,Moderate,54.7
40,10.5,0.2,4.8,0.2,159,109,3.3,6.9,1.5,45,10,4,High,47.8
38,12.4,2.1,1.1,1.5,170,270,3.4,7.8,2.0,105,3,10,Moderate,70.0
38,3.4,0.3,0.7,2.8,169,299,0.0,9.8,2.4,33,7,1,Moderate,65.3
31,7.9,7.0,5.3,3.8,94,243,4.9,3.6,2.9,100,7,9,High,56.2
26,1.1,1.9,2.1,3.3,176,120,4.4,9.3,3.4,96,1,2,Moderate,71.7
37,4.7,4.5,4.1,4.5,137,151,4.5,3.9,0.8,24,8,7,High,49.4
31,11.9,0.3,0.2,1.7,81,32,3.3,5.8,0.3,41,7,3,High,48.9
23,15.9,5.3,4.1,3.4,51,117,1.7,9.0,5.4,28,1,2,Moderate,59.8
19,2.5,2.6,1.9,0.5,18,139,4.5,9.3,4.3,24,8,4,Low,68.3
23,7.0,7.2,0.3,2.5,34,312,1.5,6.5,3.6,53,2,7,Moderate,75.4
19,13.0,7.1,3.7,4.5,11,323,2.8,7.2,5.1,72,8,7,High,61.4
39,4.1,2.6,1.4,4.2,28,218,0.5,8.0,6.6,66,3,9,Low,99.4
40,9.3,7.2,2.3,5.9,29,20,4.6,8.8,3.4,14,10,3,High,44.4
18,12.0,8.0,0.5,1.7,79,79,0.7,3.9,5.1,3,7,7,Moderate,50.5
18,10.2,6.6,0.9,3.0,26,269,1.1,8.7,7.6,108,6,6,Moderate,75.6
42,3.8,6.8,1.8,2.0,133,159,2.8,6.4,6.7,37,5,10,Moderate,78.4
44,6.3,2.0,0.5,2.6,98,168,3.8,6.2,3.4,19,10,7,Moderate,59.1
33,12.8,4.6,5.5,5.1,103,63,3.1,6.0,5.2,112,2,7,High,67.9
44,9.3,0.5,0.0,4.1,93,205,1.2,6.6,1.4,22,2,10,Moderate,73.8
41,1.1,0.8,2.9,5.3,140,127,0.0,9.6,4.5,36,1,5,Low,83.4
34,12.4,8.0,0.7,1.2,96,63,3.8,6.8,7.9,61,9,9,Moderate,58.6
34,1.5,2.6,1.8,5.2,60,97,4.9,9.7,4.1,110,8,7,Moderate,76.5
36,12.2,6.0,5.6,0.4,91,245,4.0,4.3,7.4,7,8,7,High,47.8
20,4.0,6.5,1.0,5.3,163,181,2.3,8.1,3.3,36,1,3,Moderate,67.5
33,15.4,6.9,5.8,2.0,193,300,4.5,8.7,8.0,119,5,1,High,47.9
43,6.5,8.0,1.2,1.9,17,272,2.0,7.8,4.6,44,6,5,Moderate,70.1
25,5.9,1.9,4.4,3.1,174,151,2.6,7.2,0.3,96,2,8,Moderate,73.8
44,3.2,0.3,3.3,5.6,130,163,2.4,7.0,4.7,32,10,5,Moderate,66.9
37,5.6,3.3,5.3,0.3,164,285,2.2,9.0,2.2,6,5,10,Moderate,71.8
36,14.1,1.0,3.3,2.1,182,128,3.9,8.8,0.3,21,6,3,High,42.7
21,15.9,0.2,3.2,5.1,13,213,2.6,3.9,6.6,4,9,9,High,52.8
16,6.5,2.9,1.2,2.4,95,54,1.6,8.9,2.2,109,10,2,Moderate,61.9
20,7.7,6.3,1.0,1.2,137,294,1.3,5.9,6.4,14,1,3,High,63.4
24,11.8,4.5,5.5,2.5,119,206,0.2,4.8,2.3,20,10,4,High,42.3
27,14.3,2.5,2.0,2.3,108,262,2.9,9.1,1.6,88,3,10,Moderate,70.3
41,9.9,5.2,2.2,5.5,46,283,1.1,6.0,7.8,16,9,1,High,54.1
29,6.9,1.9,4.6,4.6,80,29,0.7,8.7,2.9,55,1,4,Moderate,80.2
17,7.2,0.1,2.0,3.0,42,185,3.3,4.8,4.8,49,1,4,Moderate,73.2
32,11.4,6.1,5.7,5.9,40,48,3.4,3.0,4.9,6,1,9,High,58.1
29,1.0,5.0,4.4,2.8,192,290,3.8,6.5,4.5,117,7,8,Moderate,69.8
41,10.3,6.1,3.6,0.3,134,106,2.5,3.7,7.3,49,5,2,High,54.9
28,6.3,0.3,5.3,1.6,21,42,4.5,8.3,5.4,59,6,7,Moderate,81.7
42,12.9,6.7,0.3,2.6,20,229,4.7,4.9,3.2,82,8,6,High,48.4
24,2.4,5.0,1.5,0.9,97,65,4.0,6.1,6.9,115,2,7,Low,80.9
41,9.8,4.5,2.8,5.7,81,47,3.2,3.6,1.4,6,2,4,High,48.5
40,8.2,5.0,1.4,4.6,41,45,1.5,5.0,4.4,39,3,5,Moderate,70.3
30,10.6,6.9,4.5,1.6,66,285,4.9,8.5,7.6,44,3,6,Moderate,67.8
40,2.0,4.7,5.5,3.5,175,194,1.4,4.1,5.0,58,3,9,Moderate,79.3
37,9.7,4.6,2.5,4.3,197,23,1.0,7.5,6.5,113,4,2,Moderate,69.2
30,9.4,7.9,2.1,5.6,95,330,2.2,9.4,5.2,87,3,9,Moderate,77.3
39,9.4,6.1,5.8,5.3,28,341,0.3,7.8,6.7,74,2,10,Moderate,87.3
26,10.1,3.5,2.7,3.1,125,86,4.9,8.7,7.6,104,9,1,High,55.5
31,11.1,5.7,2.9,4.6,193,154,2.9,3.8,2.2,54,6,4,High,44.9
44,13.1,3.1,2.1,3.4,23,74,2.8,4.8,1.4,63,3,5,Moderate,60.0
32,5.0,1.8,5.5,3.3,42,50,3.3,9.3,3.9,64,9,9,Moderate,80.2
41,13.4,4.8,3.4,0.7,19,93,2.5,8.0,5.6,53,4,6,Low,72.9
19,8.5,7.4,4.6,0.8,89,38,0.2,7.5,1.8,95,4,4,Moderate,66.8
16,2.2,7.4,4.9,3.2,73,175,3.1,7.6,0.0,39,8,2,High,52.6
23,1.9,2.7,2.1,1.6,199,175,3.6,5.9,2.7,52,7,5,Moderate,62.8
32,6.0,4.2,2.6,0.1,77,166,2.1,3.3,7.8,43,7,8,Moderate,71.2
18,12.8,1.7,5.1,4.3,101,106,3.8,8.5,5.6,62,10,8,High,64.9
44,11.6,8.0,2.2,0.2,134,39,1.1,7.8,3.2,1,7,6,Moderate,50.3
35,12.8,7.8,4.8,3.6,180,288,1.1,6.3,1.5,78,10,1,High,35.5
30,8.8,5.2,5.6,3.2,89,62,0.8,9.3,2.8,20,5,8,Moderate,70.6
30,7.6,6.4,3.7,5.8,68,325,1.9,5.4,1.4,87,7,4,High,57.9
39,3.2,5.7,4.4,2.9,189,47,4.2,5.1,0.9,49,4,2,High,53.4
37,5.9,4.7,4.8,0.4,106,279,4.1,9.1,7.3,80,8,1,High,64.6
29,7.5,0.4,5.1,3.3,28,41,1.9,8.6,8.0,110,9,7,Moderate,80.5
41,2.3,3.6,2.4,5.0,158,120,2.9,6.6,1.3,51,3,2,Moderate,64.8
43,4.3,5.4,0.3,6.0,31,58,3.6,3.9,0.4,115,7,4,High,56.8
38,10.0,5.4,2.4,2.6,18,309,1.2,4.5,2.6,8,10,4,High,44.9
29,12.0,3.0,4.0,1.9,18,319,0.8,7.6,3.7,98,9,10,Moderate,73.1
39,16.0,7.5,2.7,5.4,36,189,4.9,5.7,1.6,19,1,1,High,34.9
17,15.0,1.3,4.5,1.1,26,315,3.1,8.9,2.4,82,2,2,Moderate,62.1
28,10.6,4.0,2.1,3.7,181,149,4.9,9.6,1.6,17,7,1,High,40.0
41,7.3,5.5,3.8,2.4,54,175,1.7,8.6,6.2,83,2,6,Moderate,84.2
29,10.5,5.6,1.1,0.2,17,93,3.5,5.6,5.7,29,7,3,High,55.3
42,12.8,5.2,4.5,2.1,155,109,1.1,8.5,5.1,103,1,1,High,63.2
39,2.8,2.2,3.3,1.6,134,86,1.3,5.5,3.1,64,3,8,Low,83.1
34,7.1,1.2,1.2,4.1,132,255,2.6,4.2,7.3,23,5,4,Moderate,65.9
22,13.6,5.1,1.8,5.7,42,219,1.6,3.2,7.8,87,6,10,High,68.1
18,6.8,4.8,4.5,1.6,10,246,0.8,5.7,1.4,46,9,7,Moderate,63.2
30,9.6,1.4,2.9,4.9,15,252,1.3,9.3,1.8,82,9,10,Moderate,74.6
38,9.8,5.6,1.3,0.3,50,285,0.2,4.7,4.2,93,3,2,Moderate,65.7
29,3.8,3.6,5.8,3.2,192,105,3.5,4.4,0.7,89,8,6,High,55.7
26,6.4,5.3,4.3,0.4,14,121,2.5,9.8,3.5,105,4,6,Moderate,79.5
30,6.0,6.7,5.7,5.6,196,233,0.5,3.2,4.7,43,7,7,High,59.4
43,1.4,1.4,2.6,4.6,89,127,0.9,8.5,4.2,101,6,1,Moderate,79.0
28,1.4,0.2,2.9,3.9,27,184,0.5,5.2,2.6,28,8,1,Moderate,63.3
33,13.5,6.2,5.4,4.9,186,110,3.1,3.3,4.3,76,6,2,High,41.7
41,5.1,4.9,3.2,3.9,91,211,0.5,9.4,7.7,67,4,2,Moderate,82.0
21,8.8,5.6,4.2,5.8,74,105,3.8,4.0,1.6,108,2,5,High,58.3
18,5.5,6.7,1.5,4.3,92,241,0.1,6.9,5.2,16,7,1,Moderate,60.7
34,15.1,6.4,2.7,5.5,191,120,1.2,4.9,0.3,96,4,2,High,41.7
30,4.9,7.7,0.7,3.1,198,245,4.5,3.5,0.5,4,9,6,High,33.3
40,7.4,4.3,1.2,0.7,145,79,3.6,3.3,4.4,91,9,3,High,50.4
38,14.1,3.9,0.0,3.2,140,269,0.4,3.8,0.8,87,7,4,High,45.7
20,13.6,3.2,0.2,0.8,34,67,4.1,3.5,0.2,80,5,1,High,43.5
43,3.8,1.2,5.9,3.6,78,136,2.5,8.3,1.4,49,3,5,Moderate,79.2
25,13.0,4.6,1.5,2.9,192,246,4.2,6.4,4.5,102,3,4,Moderate,55.9
22,7.9,2.2,4.0,3.7,177,52,3.0,5.4,5.6,111,9,8,Moderate,66.5
40,8.2,7.4,5.0,0.1,91,63,3.4,5.9,1.6,39,9,3,High,44.1
32,3.0,4.7,3.3,1.2,187,184,5.0,9.5,5.3,107,4,10,Moderate,81.7
22,2.2,4.7,0.9,2.9,126,311,1.2,9.4,1.5,45,1,1,Moderate,69.0
37,11.9,2.8,4.4,5.7,104,306,3.1,8.0,4.9,50,10,10,High,66.3
41,8.4,0.4,3.6,2.3,42,244,2.3,9.2,3.3,10,5,5,Moderate,70.4
27,7.6,0.3,4.4,2.5,120,305,0.2,5.2,5.2,11,8,1,High,57.0
40,11.9,3.4,4.6,4.3,155,223,0.1,5.7,8.0,12,10,5,High,51.5
32,12.5,0.7,5.9,3.6,134,191,0.6,7.3,7.5,63,4,9,Moderate,82.1
28,3.4,4.9,3.4,1.8,194,31,3.2,7.4,0.0,7,10,5,High,45.4
35,10.2,7.0,2.0,2.5,25,326,2.8,6.4,7.1,64,10,2,High,54.4
40,3.0,7.1,3.9,1.3,89,140,2.8,5.8,0.5,8,4,2,Moderate,53.6
19,12.3,5.3,0.4,5.8,47,263,0.2,9.9,7.6,91,9,10,Moderate,74.6
25,10.9,1.7,5.4,0.8,178,171,2.3,8.7,2.3,1,9,9,High,54.9
18,15.3,6.9,0.7,2.2,144,171,4.6,6.0,3.1,77,7,5,High,42.5
24,2.0,7.1,2.0,0.2,87,207,2.0,8.1,0.7,12,10,8,Moderate,57.7
28,1.9,1.6,4.9,1.3,190,32,3.1,4.9,0.9,111,8,10,High,66.4
33,5.2,5.9,3.6,4.7,72,110,3.9,3.7,5.8,1,4,4,High,60.6
30,4.9,2.3,2.4,1.2,121,219,3.9,5.5,7.6,67,8,2,Moderate,65.9
19,4.7,6.4,2.8,0.5,98,93,2.6,5.8,4.9,75,6,4,Moderate,69.2
30,14.6,8.0,5.1,2.8,169,275,4.3,3.1,5.7,47,3,4,High,43.2
37,4.7,0.2,2.0,0.1,47,295,2.0,8.7,6.1,73,7,9,Low,91.5
17,5.1,7.2,5.2,0.5,159,347,4.4,5.5,2.1,2,3,10,High,58.8
30,12.4,5.0,0.5,4.8,153,348,1.2,7.1,0.4,67,7,6,High,54.4
23,7.7,7.8,4.7,4.6,61,90,1.4,3.5,0.0,5,5,10,High,55.2
23,12.7,3.7,5.1,5.5,38,97,0.3,4.2,2.8,86,4,6,Moderate,66.4
32,2.0,6.8,1.1,5.1,153,303,4.0,9.2,1.9,4,3,5,High,59.5
27,8.3,0.5,2.6,4.1,85,149,2.1,7.3,0.5,113,8,6,Moderate,65.2
34,1.5,2.7,1.0,0.3,154,62,1.1,9.7,1.4,2,4,1,Moderate,64.1
25,1.9,0.5,4.2,4.7,73,27,1.2,10.0,1.0,9,8,5,Moderate,67.3
24,14.6,7.8,3.2,5.1,100,32,4.5,5.6,7.3,42,10,6,High,42.4
20,3.1,6.5,3.8,4.8,98,232,4.2,5.1,1.1,18,3,8,High,61.6
21,9.0,6.8,1.2,3.1,22,130,2.8,9.0,4.3,13,10,4,Moderate,52.2
35,7.2,7.5,1.3,1.4,81,310,3.1,10.0,4.7,20,9,5,High,57.1
41,6.2,0.7,0.2,5.1,193,42,2.4,7.4,4.3,42,6,4,Moderate,68.4
17,14.5,3.1,1.9,4.4,14,321,2.0,8.6,0.8,27,5,7,Moderate,60.7
42,1.3,0.6,3.4,5.9,21,273,4.6,8.5,2.6,20,5,10,Moderate,80.0
39,11.0,1.7,5.1,0.9,178,34,0.6,5.5,0.4,35,3,6,Moderate,59.1
42,15.5,1.8,4.0,1.4,12,149,2.1,7.0,3.2,23,2,4,Moderate,60.4
28,9.4,3.8,2.6,1.3,42,80,1.7,8.8,1.5,53,6,6,Low,69.7
21,15.1,2.1,5.7,4.8,130,134,2.5,7.8,4.5,37,1,4,Moderate,62.3
20,1.8,0.8,4.3,1.1,59,339,2.3,3.1,5.5,16,7,8,Moderate,72.6
40,7.3,1.3,5.6,0.4,193,327,2.6,5.4,4.3,21,5,3,Moderate,59.7
16,4.9,1.2,3.2,6.0,146,344,0.7,4.0,3.5,82,4,8,Moderate,79.9
36,12.0,7.8,1.6,0.1,187,86,2.6,4.6,3.1,44,9,2,High,34.2
37,15.7,6.1,0.3,5.0,38,268,1.2,9.3,6.7,117,10,6,Moderate,59.9
36,4.8,7.7,4.4,2.2,48,194,0.9,3.3,1.8,73,1,8,Moderate,71.5
21,10.8,3.5,0.7,5.0,100,21,0.3,4.5,5.9,60,4,1,Moderate,66.3
21,4.0,2.2,1.8,3.3,109,191,3.8,5.2,6.1,10,3,6,Moderate,74.1
38,9.5,6.4,3.2,5.4,182,303,2.1,7.3,3.4,60,6,9,High,66.2
31,8.0,2.6,3.4,5.6,26,73,3.1,6.7,2.4,37,5,10,Moderate,75.6
19,15.6,2.4,3.6,0.1,65,86,3.6,4.5,3.8,65,7,10,Moderate,60.6
26,10.1,1.9,1.0,0.5,55,121,3.4,4.1,0.7,32,1,2,High,53.2
39,6.2,1.0,2.3,1.5,76,139,2.4,4.7,0.4,42,5,1,Moderate,58.6
38,2.7,2.1,3.7,4.0,151,210,1.9,6.5,0.9,30,2,2,Moderate,65.3
24,3.3,2.8,5.8,5.3,76,323,1.9,4.9,1.5,111,2,5,Moderate,75.0
38,4.4,5.4,4.4,2.8,32,66,3.2,9.6,4.0,34,2,6,Moderate,78.0
18,4.8,0.5,5.5,3.6,103,241,2.5,6.2,6.8,36,9,1,Moderate,64.5
34,13.8,1.7,4.6,1.1,198,40,4.2,3.4,1.9,46,10,7,High,37.5
23,9.4,6.5,3.6,4.8,160,177,4.4,8.1,7.5,110,3,4,High,65.9
20,8.9,1.2,1.2,5.8,164,178,0.9,5.3,7.6,99,4,9,Moderate,82.0
19,2.7,2.7,4.0,1.6,63,254,0.7,7.6,7.7,22,5,6,Low,85.8
39,13.9,6.9,3.7,3.0,147,169,3.2,5.0,6.7,35,4,9,High,59.3
21,11.8,1.2,3.6,0.5,86,276,1.5,7.0,2.9,39,4,1,Moderate,62.6
17,2.0,0.7,2.9,3.4,25,184,0.1,8.4,0.6,102,5,4,Low,80.2
35,11.6,3.9,3.2,3.0,50,96,4.4,9.5,4.6,89,10,2,High,54.2
43,9.2,2.4,2.0,0.9,107,104,1.1,4.8,4.5,88,9,6,Moderate,65.2
26,2.2,4.5,3.1,2.7,192,65,4.6,5.3,6.8,80,9,4,Moderate,59.5
19,7.9,6.4,1.2,2.0,137,66,3.6,6.2,8.0,14,6,9,Moderate,64.0
30,8.3,1.1,4.8,3.1,70,232,3.8,9.5,4.1,36,3,3,Moderate,71.1
21,3.5,4.6,1.1,3.5,95,78,1.0,9.3,2.8,108,6,1,Moderate,71.9
37,15.2,4.0,0.5,0.1,127,73,1.2,3.6,1.5,3,10,1,High,26.1
32,13.7,1.2,2.6,4.6,109,31,2.6,3.9,0.0,21,4,9,High,53.7
39,11.0,5.0,3.9,4.3,58,211,0.9,6.5,4.1,80,3,9,Moderate,78.3
21,7.9,2.2,2.6,2.2,189,25,1.5,3.7,4.4,21,6,5,Moderate,58.8
34,7.2,3.9,1.7,0.3,11,328,1.6,5.4,6.6,80,6,2,Moderate,72.0
40,10.8,0.7,3.3,4.5,129,163,0.8,4.0,4.0,77,2,9,Moderate,74.3
17,9.2,3.7,2.1,5.7,187,280,1.0,7.5,7.3,77,9,8,Moderate,70.8
30,1.9,2.5,5.6,1.4,132,92,3.9,9.6,5.0,16,8,10,Moderate,74.8
26,8.7,6.6,5.5,1.9,95,193,0.8,10.0,6.7,71,6,10,Moderate,81.8
23,13.1,0.5,3.0,1.1,180,251,0.1,5.6,1.2,97,1,6,Moderate,61.4
41,7.9,3.3,2.0,3.5,86,289,3.1,7.2,6.8,89,2,7,Moderate,82.1
34,1.8,3.7,4.4,0.9,145,241,4.9,9.0,5.4,108,4,6,Moderate,79.7
28,12.8,5.8,0.2,2.1,68,71,1.7,3.8,1.4,93,7,5,High,49.7
27,4.0,4.6,2.8,4.2,21,135,0.6,7.8,1.5,85,9,4,Moderate,69.7
20,4.9,5.3,2.0,3.4,13,45,2.9,5.9,7.4,79,10,7,Moderate,71.2
21,3.5,6.2,5.5,2.3,126,72,4.5,4.4,0.3,93,5,4,High,55.3
41,6.0,6.9,0.1,2.5,104,48,3.9,5.8,3.7,79,10,10,Moderate,62.2
37,12.4,2.5,3.3,3.4,134,38,3.1,3.5,2.5,37,2,10,High,60.8
19,8.8,4.3,4.4,0.0,50,322,1.6,7.9,5.3,117,1,10,Moderate,88.5
34,4.1,6.7,2.9,0.5,132,298,2.7,4.8,6.7,23,10,9,High,61.8
35,14.2,7.9,0.5,5.3,16,136,0.5,5.2,2.9,99,1,5,Moderate,58.6
16,14.2,7.1,5.8,0.5,78,125,3.4,3.8,3.4,98,5,8,High,54.3
35,14.1,3.0,3.1,4.2,78,328,3.6,9.1,7.9,5,7,6,High,58.5
32,4.6,1.6,3.7,5.5,90,246,4.8,6.5,6.3,67,9,4,Moderate,69.5
27,7.8,3.9,1.4,1.6,39,205,1.3,7.0,7.2,81,9,3,Moderate,70.4
30,15.8,5.9,2.9,2.2,82,280,0.1,7.0,3.5,5,8,6,High,47.6
16,12.6,3.9,2.6,3.4,15,35,2.7,5.9,1.9,25,1,1,Moderate,51.7
41,1.4,3.9,0.4,5.3,98,292,3.5,4.3,3.3,100,5,2,High,65.0
29,2.0,6.7,0.6,5.7,156,179,4.0,8.2,5.7,90,6,7,Moderate,74.6
21,8.0,2.9,5.0,4.4,75,269,1.0,3.9,0.9,40,6,4,High,59.0
20,14.6,6.9,1.4,0.5,19,243,1.3,3.7,2.2,74,4,5,Moderate,54.4
26,9.1,3.3,1.2,4.0,153,275,2.6,8.0,0.4,37,1,10,Moderate,69.4
19,8.5,2.6,3.0,2.5,46,199,1.7,4.5,3.5,79,3,1,Moderate,67.4
28,2.6,3.6,4.6,2.8,86,39,4.3,5.1,6.6,82,10,2,High,61.4
26,10.9,6.1,0.4,0.3,86,131,2.4,6.3,0.2,42,4,4,Moderate,54.2
18,13.3,1.0,3.5,1.1,41,139,4.0,6.1,5.4,52,4,8,Moderate,72.8
16,6.7,1.6,0.7,4.7,56,213,2.9,8.0,7.5,14,4,10,Moderate,87.0
21,12.6,7.6,0.2,2.7,119,130,3.9,7.4,1.9,89,5,4,Moderate,51.0
33,15.5,1.4,0.3,1.8,180,229,1.7,7.5,5.5,55,9,3,Moderate,53.6
39,4.1,4.5,5.0,2.3,129,20,4.2,8.0,7.8,104,4,3,Moderate,77.2
25,8.8,4.6,0.7,5.1,173,77,1.4,5.0,7.7,55,9,5,Moderate,59.7
20,5.3,3.9,0.3,4.5,163,112,2.7,5.3,1.9,30,9,3,Moderate,49.6
38,12.9,5.2,2.6,1.6,19,240,1.1,6.1,0.8,82,1,8,Moderate,66.5
25,9.7,1.8,5.1,0.7,168,230,2.4,5.2,1.2,56,5,5,Moderate,59.5
27,10.5,4.4,1.6,1.5,106,251,1.6,9.9,5.6,50,9,7,Moderate,67.9
17,13.0,3.0,2.5,5.5,166,281,1.3,8.7,5.8,23,4,8,Moderate,71.7
28,6.9,5.3,0.2,3.5,14,122,4.8,4.2,5.4,57,5,5,Moderate,66.4
23,14.7,1.1,2.7,3.2,86,69,0.8,3.0,2.7,72,4,8,Moderate,64.6
17,9.0,4.6,3.5,3.6,10,129,3.9,3.3,1.4,86,2,3,High,55.7
35,3.4,1.5,3.4,2.2,140,107,4.9,4.7,4.6,3,10,7,High,55.2
16,11.4,2.2,2.0,4.8,76,39,0.1,3.8,3.9,9,2,8,Moderate,66.1
20,12.9,1.7,1.9,3.1,172,33,3.5,6.7,5.8,62,2,7,Moderate,70.1
24,5.8,1.5,0.6,0.7,24,152,1.3,9.0,3.5,72,1,2,Low,81.7
32,13.9,6.6,2.2,0.8,102,315,0.2,8.2,2.7,82,3,8,Moderate,68.1
24,14.6,2.3,0.6,3.2,39,53,2.0,4.5,2.3,14,10,6,Moderate,44.4
26,5.2,7.4,4.6,5.6,112,227,4.7,5.8,1.7,114,1,10,High,68.6
30,15.8,7.8,5.8,1.9,91,320,0.1,6.6,2.1,97,4,3,High,52.5
39,3.1,4.6,5.8,5.2,84,218,2.9,8.7,0.8,105,1,4,Moderate,73.2
21,4.0,1.1,5.2,4.6,180,99,2.5,8.9,2.8,62,4,7,Moderate,81.6
38,3.8,3.0,3.6,1.5,69,90,4.4,9.4,0.3,18,3,3,Moderate,64.5
18,14.4,6.4,4.2,0.2,49,174,0.4,6.6,1.5,112,9,1,High,44.5
32,10.8,2.9,1.7,0.6,166,97,3.4,7.9,6.0,62,1,6,Moderate,73.7
20,3.3,0.7,3.8,4.4,83,97,3.4,3.8,2.6,115,8,3,High,61.9
43,7.6,4.5,2.7,1.2,130,191,3.3,7.0,5.3,55,9,10,Moderate,70.1
27,10.2,6.8,2.9,2.2,156,308,4.7,4.7,5.7,20,7,6,High,47.6
33,2.3,6.4,4.5,3.0,12,52,4.1,6.0,4.6,33,1,10,Moderate,78.4
29,14.2,1.4,1.7,4.4,45,319,0.2,7.4,7.7,114,4,3,Moderate,75.0
36,13.1,5.4,1.9,0.7,52,295,2.4,4.8,0.2,16,10,6,High,37.8
39,8.6,1.8,5.5,2.4,152,26,2.0,3.4,5.9,17,1,4,Moderate,63.1
26,15.5,1.7,0.3,2.9,178,179,1.6,3.1,7.7,80,4,4,Moderate,58.4
24,7.3,7.0,2.9,3.2,124,259,2.3,3.2,6.9,65,3,10,High,73.7
17,15.8,2.0,5.5,4.9,118,43,1.9,3.1,1.3,50,2,10,High,58.4
27,11.0,2.1,3.7,1.0,99,233,2.2,3.8,2.6,64,1,2,Moderate,59.3
18,10.5,0.0,3.3,4.8,173,89,4.9,4.7,1.4,42,6,4,High,46.8
18,3.5,7.0,1.5,4.2,93,235,0.4,4.5,4.8,56,7,4,Moderate,67.3
16,14.2,6.3,2.1,3.3,86,123,4.6,9.9,5.7,9,6,7,High,54.5
23,7.4,5.0,5.1,4.2,170,234,2.4,5.1,2.5,36,9,5,High,49.7
37,3.4,6.0,3.4,2.5,14,73,3.1,3.9,4.3,47,9,8,Moderate,65.2
43,1.2,1.2,3.1,0.8,87,313,4.2,6.8,5.5,119,2,7,Low,85.8
44,9.4,3.7,0.6,4.0,100,349,1.8,9.0,3.4,68,2,10,Moderate,82.0
23,8.9,2.8,0.1,3.1,96,222,2.2,7.7,6.8,55,9,9,Moderate,75.9
26,11.8,0.8,5.8,3.8,23,307,2.0,5.1,6.2,118,1,8,Moderate,79.5
24,14.4,3.9,2.3,2.0,113,64,1.9,6.9,0.5,75,5,9,Moderate,61.9
20,2.2,7.4,3.6,5.4,92,336,4.6,8.0,5.0,35,1,1,High,65.4
29,12.0,0.3,0.5,3.5,184,217,4.1,8.1,1.9,30,7,10,Moderate,58.4
43,3.8,2.3,4.1,0.5,63,235,0.5,7.7,4.5,54,9,3,Moderate,75.9
18,13.9,1.7,5.6,2.7,141,328,0.5,9.1,7.7,37,6,5,Moderate,67.6
36,13.3,1.9,3.5,4.5,104,203,2.1,9.1,7.0,114,2,9,Moderate,81.6
20,9.1,7.3,0.8,4.8,18,46,0.5,7.1,3.2,72,6,8,Moderate,72.0
20,11.7,3.7,3.5,3.0,62,185,3.1,6.0,2.3,107,9,10,High,61.7
34,5.7,3.7,4.6,5.4,86,337,0.7,7.5,1.9,89,3,7,Moderate,81.4
42,8.1,6.1,2.4,1.6,69,293,2.6,8.7,4.3,14,9,2,High,53.2
29,13.3,1.2,5.3,2.5,55,122,0.0,3.0,0.9,15,8,6,High,46.8
41,7.9,3.9,3.9,5.4,63,123,1.6,9.9,4.4,76,7,4,Moderate,73.2
19,6.4,3.4,5.4,5.4,83,264,3.4,4.3,0.0,88,8,5,High,55.0
40,8.4,4.8,3.7,4.1,121,324,2.4,6.3,2.6,93,10,5,High,55.2
28,13.4,8.0,0.8,5.2,104,188,4.9,9.1,1.8,52,6,4,High,45.8
25,6.0,6.2,1.9,0.5,174,135,4.4,4.6,7.8,55,3,4,Moderate,63.2
40,3.6,3.2,1.2,5.2,32,160,1.8,6.3,5.8,6,7,4,Moderate,71.7
33,11.7,6.6,5.5,1.9,36,144,0.2,3.9,2.8,56,4,2,High,56.4
23,13.4,1.4,4.6,1.1,79,44,4.2,5.8,0.7,54,10,1,High,38.6
23,2.5,0.2,4.1,1.4,118,213,4.6,4.2,4.1,51,5,2,Moderate,64.6
22,4.6,1.6,1.8,2.5,198,119,4.1,5.5,1.7,3,8,7,Moderate,52.9
23,3.1,2.7,1.1,1.5,86,24,0.6,5.6,4.3,42,7,1,Low,68.8
29,6.2,4.1,4.5,1.9,188,38,5.0,10.0,6.7,39,7,6,Moderate,65.5
34,7.8,4.9,2.8,0.8,59,189,1.3,10.0,4.9,101,8,4,Moderate,71.7
44,12.2,7.3,1.4,1.8,133,293,3.6,3.8,5.1,29,10,2,High,33.5
21,10.8,4.1,3.7,3.4,28,273,4.5,8.1,4.3,9,3,3,High,60.1
16,10.3,4.0,0.2,2.7,10,140,1.2,3.4,7.4,93,3,7,Moderate,75.4
38,6.3,0.4,2.0,2.1,49,51,4.5,3.2,7.5,102,2,6,Moderate,76.0
30,13.6,0.3,2.8,4.5,169,168,1.5,3.7,4.1,6,1,6,High,54.1
16,8.1,4.4,0.9,5.4,31,285,4.9,9.8,2.4,35,10,8,Moderate,58.5
40,15.7,3.5,5.9,4.5,121,56,1.4,9.6,3.7,34,6,8,Moderate,62.4
32,10.5,6.7,1.3,2.0,49,196,4.8,4.4,1.5,87,6,6,High,51.4
16,2.9,1.3,0.8,4.5,47,32,0.3,4.1,5.1,38,10,1,Moderate,63.6
30,11.1,0.2,1.2,0.9,57,202,3.5,4.7,4.0,35,8,10,Moderate,63.6
38,5.9,3.6,4.6,0.8,192,164,2.7,6.6,0.8,108,6,7,Moderate,64.5
17,11.3,1.9,2.6,2.1,84,284,2.4,7.0,1.6,19,6,8,Moderate,62.6
29,2.0,0.4,3.4,4.8,192,107,1.1,4.6,3.8,48,1,5,Moderate,74.2
36,3.6,5.8,0.1,1.5,188,65,3.5,8.3,7.1,95,7,4,Moderate,69.4
23,13.8,0.9,0.2,0.4,116,138,1.0,5.2,4.5,58,7,7,Low,64.6
23,4.4,4.9,2.7,0.8,197,38,2.8,9.5,5.5,102,10,6,Moderate,67.1
34,13.6,2.2,4.9,5.2,17,239,1.3,7.6,2.7,48,9,6,Moderate,61.5
22,5.2,1.4,5.3,3.8,95,252,4.8,6.1,4.6,89,7,3,Moderate,67.3
34,10.6,3.0,0.5,1.5,77,113,0.1,8.5,3.6,25,8,10,Moderate,71.2
21,11.4,6.4,3.2,3.3,84,270,1.0,8.7,5.3,35,4,4,Moderate,68.5
21,8.7,3.1,5.5,3.2,146,269,1.2,5.0,0.4,42,9,5,High,50.7
18,5.6,6.0,2.3,3.9,99,301,2.1,5.4,3.9,98,1,9,Moderate,78.0
22,4.2,1.0,5.0,1.4,139,251,1.2,9.6,2.4,42,8,8,Moderate,75.9
34,1.5,6.2,0.8,5.2,89,65,2.5,4.2,2.6,98,3,3,Moderate,65.8
23,5.6,1.9,5.6,1.9,104,65,4.4,3.3,7.7,75,1,6,Moderate,74.7
25,10.8,5.4,4.5,4.2,79,33,3.6,6.2,1.5,32,2,10,High,63.2
35,15.1,4.5,5.6,0.1,99,104,2.9,8.6,2.5,99,6,1,Moderate,50.8
30,14.1,7.4,4.1,2.2,68,338,0.4,8.4,4.1,77,5,3,Moderate,61.6
30,12.5,3.1,2.2,2.1,156,347,3.5,9.4,6.9,96,3,10,Moderate,77.3
44,12.8,0.5,5.6,3.3,37,22,0.8,6.7,3.3,109,9,7,Moderate,66.3
16,11.0,0.2,1.7,0.4,81,47,3.9,3.7,6.0,44,8,7,Moderate,60.7
35,4.9,6.6,2.0,4.7,23,176,1.3,7.1,6.9,44,3,2,Moderate,77.0
22,14.6,4.2,4.2,1.3,33,194,2.1,8.4,2.5,87,2,3,Moderate,63.1
42,11.1,6.2,4.6,4.1,121,133,1.8,3.7,3.1,14,8,7,High,46.1
19,9.4,1.9,5.6,4.8,53,269,4.3,4.2,2.9,94,5,6,High,65.3
44,2.7,2.8,1.2,3.4,65,78,0.6,3.1,6.7,16,9,7,Low,69.2
21,7.7,0.2,4.8,4.4,129,222,2.8,7.2,0.4,11,1,10,High,68.8
40,7.9,7.7,4.4,4.0,188,334,0.7,9.2,2.5,21,10,9,High,54.4
16,14.0,5.3,0.4,2.1,41,258,3.5,7.7,5.4,22,3,8,Moderate,66.5
44,9.2,7.5,2.3,4.9,187,253,4.5,9.9,4.5,89,5,6,High,61.1
20,6.7,2.1,1.7,1.8,178,322,2.2,3.4,3.5,77,2,4,Moderate,65.8
42,15.7,4.9,1.8,3.4,34,114,2.4,9.3,4.3,11,3,10,Moderate,66.6
38,2.7,5.4,5.9,4.5,125,160,4.6,8.7,1.6,113,4,9,High,75.7
16,7.3,2.5,3.9,2.3,198,132,2.6,5.2,3.4,67,4,7,Moderate,70.4
19,1.6,6.8,4.3,1.8,75,128,2.4,9.8,4.0,109,9,5,Moderate,69.2
37,12.1,7.6,5.9,2.8,51,308,2.9,5.0,7.2,50,1,2,High,58.1
17,14.8,7.1,2.3,4.9,173,116,3.4,9.2,2.1,12,9,9,High,40.7
25,5.2,5.9,4.8,5.6,85,35,0.5,9.2,6.9,56,9,7,Moderate,77.5
20,13.9,2.2,2.6,3.3,146,63,4.1,8.3,5.2,54,6,9,Moderate,67.9
42,5.4,2.3,5.2,4.0,173,249,2.2,6.9,0.2,81,1,9,Moderate,75.6
25,14.7,7.7,1.1,5.4,47,127,0.4,3.8,5.8,106,6,10,Moderate,64.6
16,12.3,0.1,5.7,0.6,170,236,3.9,6.7,0.3,27,8,5,High,43.3
37,13.1,5.7,1.3,1.4,179,279,1.9,5.5,8.0,101,5,7,Moderate,63.0
21,1.3,5.6,2.0,4.3,70,331,0.5,8.5,7.0,104,5,5,Moderate,86.1
28,15.4,5.0,4.5,4.9,183,339,3.2,8.3,2.4,43,1,3,High,49.1
30,11.9,7.9,2.4,5.1,98,215,4.4,9.4,2.1,18,1,10,High,58.0
19,5.6,2.5,3.6,2.5,198,114,4.4,3.1,3.1,45,8,8,Moderate,55.8
28,13.4,2.7,2.7,0.5,27,75,4.8,8.7,2.8,110,5,8,Moderate,67.9
39,5.2,0.6,4.5,2.6,79,51,4.3,9.6,3.0,106,8,9,Moderate,76.7
35,14.1,3.5,1.4,1.4,91,250,0.0,8.5,2.5,101,10,6,Moderate,57.5
39,2.7,2.1,0.4,1.7,125,28,1.9,3.9,5.0,109,2,2,Moderate,74.1
30,11.6,2.7,1.8,4.6,89,210,4.1,3.6,1.3,2,4,3,High,44.0
44,9.1,6.7,2.8,0.5,24,219,1.8,3.1,6.8,82,10,10,Moderate,63.9
23,2.4,7.5,1.0,5.0,185,180,3.0,7.4,6.5,19,9,6,Moderate,59.6
20,4.6,1.5,2.1,2.6,22,106,3.0,7.4,3.8,24,3,1,Low,72.6
44,1.2,3.0,2.4,3.6,128,40,1.8,9.9,6.8,74,6,2,Moderate,79.0
30,8.0,7.4,0.3,0.5,52,330,4.5,5.8,2.0,55,7,8,Moderate,58.6
19,5.5,0.5,3.5,2.0,197,95,2.5,5.3,0.1,80,3,8,Moderate,69.2
27,10.0,0.7,5.3,0.5,66,160,2.3,7.4,5.0,60,1,6,Low,80.4
28,5.5,1.3,0.9,5.8,26,145,5.0,8.8,3.7,112,2,3,Moderate,76.7
17,5.5,4.8,3.6,4.8,187,270,2.5,9.6,4.5,54,10,2,High,57.8
42,12.1,1.2,4.0,2.8,41,103,0.9,8.6,7.2,34,7,6,Low,73.9
34,1.7,7.7,2.5,1.3,159,67,2.6,6.0,7.8,77,7,1,Moderate,61.3
34,14.5,3.6,4.2,5.6,64,97,4.1,7.4,5.1,58,1,10,Moderate,73.6
19,13.8,4.0,2.5,2.1,194,49,3.9,9.0,6.1,38,10,6,High,50.0
19,11.0,2.0,3.0,1.0,22,304,3.9,6.4,0.7,56,7,9,Moderate,63.8
41,9.9,3.8,0.0,3.4,56,155,3.5,4.5,1.3,82,10,7,High,52.2
26,14.4,5.3,4.2,5.7,96,159,1.3,4.2,5.9,66,6,9,High,65.2
42,3.8,6.0,4.0,0.0,71,60,4.3,3.0,3.5,33,6,2,High,53.3
20,2.2,6.0,0.2,1.4,191,301,4.5,8.0,3.6,112,7,5,Moderate,63.7
35,4.6,4.6,2.2,5.6,38,69,1.0,3.8,2.5,40,7,9,Moderate,71.3
26,12.9,7.2,5.9,1.0,31,277,0.7,4.7,4.9,21,1,7,High,61.7
25,1.5,6.5,2.5,0.7,74,330,4.9,5.1,1.5,101,10,9,High,58.0
23,9.7,6.1,3.0,3.4,38,289,4.3,6.9,5.0,119,5,6,Moderate,68.5
21,15.9,0.4,5.5,5.2,57,153,4.5,5.8,1.4,26,8,7,High,45.6
21,13.8,0.1,4.3,2.9,14,253,4.4,7.7,0.5,20,8,10,High,54.9
23,8.8,1.7,3.5,6.0,172,147,2.7,3.4,2.6,40,3,5,Moderate,58.8
38,2.0,5.3,4.8,4.1,110,123,3.2,3.9,1.8,30,3,6,High,62.5
30,13.5,3.3,5.2,0.4,80,273,2.7,6.5,7.1,26,7,1,High,53.3
41,10.0,3.2,2.7,6.0,183,114,0.3,5.4,0.4,36,4,1,High,51.1
29,2.7,7.1,2.9,2.4,172,236,3.7,5.1,1.4,65,6,2,High,51.8
26,2.4,7.2,2.3,1.7,182,80,2.5,3.5,4.4,53,9,4,Moderate,52.4
27,14.6,7.3,5.8,3.3,150,287,3.2,9.3,3.8,110,10,9,High,50.8
41,11.0,2.5,4.2,1.8,147,260,2.5,7.8,0.4,8,2,7,High,59.0
28,13.4,5.5,0.5,0.5,75,32,2.5,3.9,0.1,82,2,6,High,52.4
23,14.2,2.2,5.2,0.0,81,166,0.9,3.5,7.9,41,6,1,Moderate,55.5
33,9.6,1.5,2.9,2.7,34,259,1.4,9.8,5.3,35,3,5,Low,80.1
40,8.8,1.5,0.4,5.0,181,108,0.8,7.8,2.9,9,1,4,Moderate,65.0
16,7.5,2.7,3.3,3.4,69,114,1.0,5.9,3.8,58,2,5,Low,78.3
30,5.8,3.4,2.5,6.0,184,334,4.9,7.9,2.1,39,7,9,Moderate,64.0
23,7.5,6.6,5.3,1.7,49,312,0.8,8.3,2.8,53,4,3,Moderate,71.9
43,12.6,1.0,1.2,1.7,16,44,1.3,8.5,5.2,108,2,4,Low,77.9
26,10.0,5.9,5.0,1.0,183,291,3.0,6.3,7.1,38,8,8,High,58.8
27,14.4,4.3,3.3,1.0,160,185,3.1,6.0,1.5,6,4,3,High,41.6
27,7.7,2.3,0.3,1.7,55,269,0.8,3.1,6.7,3,4,3,Moderate,66.9
19,10.1,3.9,5.8,4.8,95,106,4.0,9.5,1.0,14,2,9,High,63.3
31,10.5,2.4,3.1,5.4,150,161,3.9,7.2,1.7,75,1,5,High,63.2
19,9.9,4.8,1.7,5.9,30,153,1.2,4.4,0.3,47,1,10,Moderate,68.0
20,11.5,3.5,2.8,1.4,10,298,1.4,9.4,1.1,5,3,1,Moderate,56.2
39,4.6,1.3,5.1,5.3,132,145,4.7,9.4,7.3,72,6,7,Moderate,81.1
20,8.7,0.9,1.8,2.0,156,335,4.1,9.9,3.7,34,7,7,Moderate,64.5
23,2.6,4.4,1.2,0.7,134,160,3.5,9.1,0.6,71,9,6,Moderate,62.4
25,6.8,7.2,0.8,5.2,197,122,0.4,10.0,7.7,70,5,6,Moderate,74.7
32,8.3,2.8,1.8,3.8,42,245,2.1,4.7,7.0,67,9,3,Moderate,65.0
43,10.8,5.9,4.7,1.0,13,82,2.8,8.9,6.0,57,8,3,High,63.4
41,15.3,5.3,2.8,2.6,12,313,0.9,8.8,7.5,76,1,10,Moderate,80.1
24,10.0,7.5,1.4,1.7,100,325,2.2,4.6,1.8,18,3,9,Moderate,56.9
37,12.2,6.6,1.0,4.4,61,273,3.0,3.7,6.7,61,8,1,High,48.2
34,8.6,4.5,2.0,2.7,37,199,1.6,9.9,5.5,70,9,7,Moderate,74.6
44,10.5,5.3,5.6,5.9,79,59,3.9,5.1,7.0,9,4,10,High,66.6
29,2.1,7.2,2.1,0.3,192,283,4.2,9.1,6.4,24,6,7,Moderate,66.8
23,4.8,3.2,5.9,2.1,66,208,1.6,3.0,2.8,43,4,8,Moderate,75.0
24,6.4,2.6,2.9,2.9,117,27,4.2,3.1,6.2,98,9,6,Moderate,61.9
37,8.1,0.1,1.1,3.0,153,123,0.5,6.3,2.1,57,2,8,Moderate,76.0
26,1.7,6.6,5.3,1.9,33,244,4.2,4.7,2.6,24,6,1,High,52.4
38,3.1,6.4,2.8,4.4,178,53,0.8,7.8,0.9,92,3,1,Moderate,64.9
16,5.2,0.8,4.3,5.2,86,255,0.4,7.0,7.5,119,10,9,Moderate,82.9
29,15.6,4.6,5.9,5.6,184,247,3.2,3.5,2.3,75,4,4,High,44.2
20,6.0,3.7,0.3,4.8,85,207,2.4,4.1,4.2,114,2,3,Moderate,70.0
36,8.2,0.9,0.6,5.1,78,332,4.5,5.7,3.1,110,8,6,Moderate,62.9
41,3.9,7.8,4.3,3.3,110,41,1.8,4.3,7.7,39,10,10,Moderate,66.1
29,10.2,1.7,1.7,5.0,168,59,1.4,8.5,2.7,75,8,9,Moderate,69.9
19,5.2,0.5,1.1,1.8,101,192,2.5,5.9,6.2,115,1,10,Low,90.5
37,4.1,4.8,0.2,2.4,101,198,2.3,3.7,6.8,69,10,4,Moderate,62.9
38,8.7,5.9,0.1,1.9,39,105,1.7,6.4,3.5,9,6,9,Moderate,66.3
40,1.1,0.3,4.6,2.8,27,152,3.5,3.6,3.0,65,1,5,Moderate,74.7
16,1.1,5.3,0.8,1.7,53,32,3.8,3.9,6.0,119,6,7,Moderate,74.6
37,4.3,4.3,2.8,5.8,164,47,4.3,4.7,7.3,108,7,3,High,62.7
38,1.6,0.8,3.6,1.9,108,103,4.9,9.0,6.0,24,2,3,Moderate,75.4
34,2.6,1.4,2.6,0.6,163,337,1.3,9.5,1.8,70,9,3,Moderate,66.8
23,6.1,4.5,0.2,3.2,130,299,3.6,8.8,7.1,103,8,8,Moderate,74.9
30,13.0,2.4,4.7,0.3,124,282,2.0,5.3,3.1,86,9,6,High,55.0
36,9.6,7.5,0.1,0.7,69,185,3.4,4.9,4.6,111,10,9,Moderate,57.1
30,8.7,6.5,4.6,1.3,155,312,2.4,6.8,6.7,10,4,9,High,68.8
24,5.4,7.9,5.4,2.8,65,87,5.0,8.1,1.5,35,4,8,Moderate,66.6
36,15.0,2.1,2.6,2.6,40,245,3.6,10.0,6.3,48,8,1,Moderate,56.8
24,7.0,7.8,3.2,4.8,110,189,4.8,3.9,4.8,47,1,6,High,59.6
25,2.3,3.4,2.9,4.4,68,105,4.2,3.3,7.1,114,8,4,Moderate,66.2
35,10.3,2.8,2.3,2.6,133,152,4.5,7.9,1.4,86,7,4,High,55.8
40,2.7,0.4,5.3,2.0,139,197,4.1,8.8,3.4,106,7,3,Moderate,69.6
36,6.2,0.4,5.4,1.9,106,271,2.3,8.9,6.7,6,9,9,Moderate,73.7
41,8.6,5.5,2.0,4.6,176,34,1.3,7.7,0.2,90,10,2,High,46.8
24,14.1,3.7,3.7,0.3,198,242,1.9,9.7,0.9,76,7,1,High,45.4
18,8.4,1.8,5.6,0.1,116,220,0.1,6.6,7.9,50,2,10,Low,87.8
35,11.5,4.9,5.8,4.8,27,126,2.6,9.4,2.2,16,1,3,High,58.5
40,15.9,2.0,3.1,2.9,154,269,2.5,9.8,7.8,31,1,4,Moderate,62.6
41,3.0,4.6,2.7,0.8,176,108,2.6,8.9,1.5,25,7,4,Moderate,59.3
26,5.1,2.9,1.7,1.4,80,144,4.9,5.2,2.9,21,5,6,Low,64.1
21,6.9,6.6,5.8,5.6,115,132,4.6,4.4,6.0,12,4,1,High,52.4
17,7.3,6.6,0.9,5.2,63,156,0.8,6.8,5.3,11,5,1,Moderate,62.9
22,7.2,3.8,3.5,4.3,103,266,1.8,6.2,4.6,70,10,2,High,59.9
33,14.6,2.8,1.7,2.9,85,185,2.1,9.1,4.2,0,10,4,Moderate,47.3
42,11.7,2.9,1.7,3.1,44,169,1.8,3.7,6.7,32,6,7,Moderate,66.2
17,10.1,6.4,2.4,5.9,20,87,4.0,4.8,1.9,115,10,6,High,47.7
42,5.6,2.6,6.0,5.8,70,240,2.6,8.3,3.5,118,6,9,Moderate,84.0
32,13.4,1.7,0.3,1.3,53,290,2.9,3.7,1.2,13,1,7,Moderate,54.2
26,15.3,0.7,3.5,4.9,130,340,4.3,5.2,4.8,110,2,5,High,58.9
42,13.3,3.7,0.5,1.2,77,329,4.0,5.7,2.0,63,3,6,Moderate,59.6
27,1.0,3.9,0.9,1.3,34,39,0.7,7.4,2.7,42,4,10,Low,88.7
42,10.5,6.7,2.6,4.1,185,308,3.6,4.1,3.8,119,6,9,High,55.5
34,1.8,1.8,3.1,2.4,169,119,2.2,9.0,0.2,57,9,1,Moderate,58.1
37,4.9,3.0,1.6,5.6,93,271,1.5,6.1,0.7,40,2,9,Moderate,77.1
39,1.9,6.5,1.9,0.5,123,96,0.3,9.4,5.5,80,8,6,Moderate,76.6
40,10.1,6.6,0.5,3.1,141,154,2.4,6.3,3.4,67,9,4,High,51.0
22,11.3,3.1,1.8,5.5,175,192,1.8,4.9,6.9,115,2,5,High,67.8
35,2.7,3.7,5.8,5.4,184,220,1.3,4.0,5.6,114,9,1,High,59.9
